,review,Total Star,Menu,Star_opt,Output
0,배달 시간은 분정도 걸렸지만 사장님이 직접 오신듯덕분에 갓튀긴 듯 맛나게 먹었네요 번창하세요,★★★★★,오곡 후라이드 치킨/1(부위선택 택 1(한마리)),"
맛
★
5
양
★
5
배달
★
5
",4.59
1,맛있게 잘먹었어요,★★★★★,"두마리 순살/1(두마리 치킨1 선택 택 1(갈릭),두마리 치킨2 선택 택 1(핫양념))","
맛
★
5
양
★
5
배달
★
5
",5.0
2,언제나 맛있어요 잘먹었습니다 배달도 빠르고 좋아요,★★★★★,양념반＋갈릭반/1(옵션변경(윙봉（날개）)),"
맛
★
5
양
★
5
배달
★
5
",4.79
3,잘 먹었습니다,★★★★★,오곡 양념 치킨/1(부위선택 택 1(한마리)),"
맛
★
5
양
★
5
배달
★
5
",5.0
4,맛있게 잘먹었릅니다호,★★★★★,핫뿌레이크/1,"
맛
★
5
양
★
5
배달
★
5
",5.0
5,항상 맛있어서 시켜먹어요,★★★★★,콘듀치킨 순살/1(음료 택 1(콜라 1.25L 추가)),"
맛
★
5
양
★
5
배달
★
5
",4.79
6,오랫만에 잘 먹었어요,★★★★★,갈릭반＋핫양념반/1(옵션변경(한마리)),"
맛
★
5
양
★
5
배달
★
5
",4.39
7,진짜 맛있어요,★★★★★,"오곡 후라이드 치킨/1(부위선택 택 1(콤보（날개＋다리）),사이드 추가(스모키양념맛소떡))","
맛
★
5
양
★
5
배달
★
5
",5.0
8,너무 맛나요양도 푸짐하구요해쉬브라운 서비스 감사합니다,★★★★★,"두마리 순살/1(두마리 치킨1 선택 택 1(양념),두마리 치킨2 선택 택 1(후라이드))","
맛
★
5
양
★
5
배달
★
5
",5.0
9,항상 맛있고 푸짐한 또래오래믿고 먹는 가게라 신메뉴 도전해봣는데요 제 입맛엔 조금 짰지만 짭쪼름하면서 맛있네용  ,★★★★★,"핫뿌레이크/1(사이드 추가(치킨무 추가),소스추가(핫양념소스))","
맛
★
4
양
★
5
배달
★
5
",4.81
10,잘먹었습니다 ,★★★★★,엔젤치킨/1(부위선택 택 1(순살（다리살）)),"
맛
★
5
양
★
5
배달
★
5
",5.0
11,맛있게 잘 먹었습니다,★★★★★,고추단짠치킨 윙봉/1,"
맛
★
5
양
★
5
배달
★
5
",4.8
12,치킨 맛있네요 퍽살도 없고 달달한 양념 좋아하시는 분들은 딱입니다,★★★★★,오곡 양념 치킨/1(부위선택 택 1(순살（다리살）)),"
맛
★
5
양
★
5
배달
★
3
",3.41
13,이번에도 너무맛있게 먹었네요 시켜먹을때마다 만족합니다,★★★★★,"두마리 순살/1(두마리 치킨1 선택 택 1(갈릭),두마리 치킨2 선택 택 1(양념))","
맛
★
5
양
★
5
배달
★
5
",5.0
14,굿,★★★★★,오곡 후라이드 치킨/1(부위선택 택 1(순살（다리살）)),"
맛
★
5
양
★
5
배달
★
5
",4.2
15,수준이 전문가 수준입니다,★★★★★,후라이드반＋갈릭반/1(옵션변경(한마리)),"
맛
★
5
양
★
5
배달
★
5
",4.2
16,맛있고 푸짐하네요 굿굿,★★★★★,"두마리 순살/1(두마리 치킨1 선택 택 1(후라이드),두마리 치킨2 선택 택 1(양념))","
맛
★
5
양
★
5
배달
★
5
",4.8
17,맛있게 잘 먹었어요,★★★★★,갈릭반＋핫양념반/1(옵션변경(한마리)),"
맛
★
5
양
★
5
배달
★
5
",4.8
18,항상 맛있게 잘먹고있습니다 감사합니다,★★★★★,"갈릭반＋핫양념반/1(옵션변경(순살（다리살）),사이드 추가(포테이토치즈볼))","
맛
★
5
양
★
5
배달
★
5
",5.0
19,맛있게 잘 먹었습니다,★★★★★,단짠치킨 윙봉/1(소스추가(핫양념소스)),"
맛
★
5
양
★
5
배달
★
5
",4.8
20,맛있어서 단골됬어요,★★★★★,후라이드반＋양념반/1(옵션변경(순살（다리살）)),"
맛
★
5
양
★
5
배달
★
5
",4.79
21,굿자주 시키는데 진짜 콘듀 너무 좋아요 ㅎㅎ 사랑합니다,★★★★★,콘듀치킨 스틱/1,"
맛
★
5
양
★
5
배달
★
5
",5.0
22,역시 또레오래 하면독산가산점이 최고입니다,★★★★★,오곡 후라이드 치킨/1(부위선택 택 1(윙봉（날개）)),"
맛
★
5
양
★
5
배달
★
5
",4.0
23,진짜 너무 맛있어요 ㅠㅠ 못해도 일주일에 한 번은 먹는듯 요청사항도 너무 친절히 잘 들어주시고 항상 감사합니다,★★★★★,"맵부심후라이드/1,치킨무 추가/1","
맛
★
5
양
★
5
배달
★
5
",5.0
24,간만에 먹었는데 역쉬  배달비가 올라 쪼큼 아쉽긴 했지만 그래도 넘나 맛나게 먹었어용,★★★★★,갈릭반＋핫양념반/1(옵션변경(한마리)),"
맛
★
5
양
★
5
배달
★
5
",3.58
25,맛있어요 잘 먹었습니다,★★★★★,오곡 후라이드 치킨/1(부위선택 택 1(한마리)),"
맛
★
5
양
★
5
배달
★
5
",5.0
26,배달진짜빠르네요 맛있게먹었습니다,★★★★★,후라이드반＋갈릭반/1(옵션변경(한마리)),"
맛
★
5
양
★
5
배달
★
5
",5.0
27,너무 맛잇어요 부드럽고 바삭해요 해쉬브라운도 잘먹었어요,★★★★★,오곡 후라이드 치킨/1(부위선택 택 1(한마리)),"
맛
★
5
양
★
5
배달
★
5
",4.8
28,오늘 처음먹어보는 치킨인데 아주 안정적입니다,★★★★★,핫뿌레이크/1,"
맛
★
5
양
★
5
배달
★
5
",3.59
29,맛있게 잘 먹었습니다,★★★★★,"맵부심후라이드 순살/1,떡사리 추가/1","
맛
★
5
양
★
5
배달
★
5
",4.8
30,여긴 항상 배달도 빠르고 맛도 너무 좋아요 단골입니다,★★★★★,갈릭반＋핫양념반/1(옵션변경(한마리)),"
맛
★
5
양
★
5
배달
★
5
",4.82
31,정말 잘 먹었습니다,★★★★★,후라이드반＋양념반/1(옵션변경(한마리)),"
맛
★
5
양
★
5
배달
★
5
",5.0
32,간만에 배달해서 먹었는데 역쉬나 맛있어요요구사항이 많았는데 다 반영해주셔서 정말감사드립니다,★★★★★,"오곡 양념 치킨/1(부위선택 택 1(한마리)),리얼치즈볼/1","
맛
★
5
양
★
5
배달
★
5
",5.0
33,오늘도 먹으려구요너무 짱맛 배달해주시는 분 센스 진짜 만점이였어요,★★★★★,양념반＋갈릭반/1(옵션변경(한마리)),"
맛
★
5
양
★
5
배달
★
5
",5.0
34,맛있게 잘 먹었습니다,★★★★★,단짠치킨/1,"
맛
★
5
양
★
5
배달
★
5
",4.8
35,잘먹었습니다,★★★★★,갈릭반＋핫양념반/1(옵션변경(윙봉（날개）)),"
맛
★
5
양
★
5
배달
★
5
",5.0
36,매우  맛있게 잘 먹었습니다 바삭하고 촉촉해요 헤쉬 브라운도 맛있어요,★★★★★,오곡 후라이드 치킨/1(부위선택 택 1(순살（다리살）)),"
맛
★
5
양
★
5
배달
★
5
",4.6
37,역시 또래오래가 제일 맛있어요집에서 가깝고 사장님도 너무 친절하시고푸짐하고 맛있고 신선하고 뭐하나 빠지는게 없네요늦은시간이라 먹을지말지 되게 고민많이 하고 시켰는데 후회하지 않습니다다이어트는 먹고 운동하죠 뭐,★★★★★,후라이드반＋양념반/1(옵션변경(한마리)),"
맛
★
5
양
★
5
배달
★
5
",5.0
38,오늘도 정말 맛있게 잘 먹었습니다,★★★★★,"오곡 파닭 치킨/1(부위선택 택 1(순살（다리살）)),국물떡볶이/2,생맥주 1000cc/1","
맛
★
5
양
★
5
배달
★
5
",4.8
39,역시 단짠단짠 최애,★★★★★,단짠치킨 윙봉/1,"
맛
★
5
양
★
5
배달
★
5
",4.4
40,너무 맛있습니당 최고입니다,★★★★★,후라이드반＋양념반/1(옵션변경(순살（다리살）)),"
맛
★
5
양
★
5
배달
★
5
",5.0
41,맛있게 먹었어요 떡사리 감사합니다,★★★★★,양념반＋갈릭반/1(옵션변경(한마리)),"
맛
★
5
양
★
5
배달
★
5
",5.0
43,맛있어요 또 주문하겠습니다,★★★★★,갈릭반＋핫양념반/1(옵션변경(순살（다리살）)),"
맛
★
5
양
★
5
배달
★
5
",4.8
44,튀김상태 너무좋고 맛있어요,★★★★★,갈릭반＋핫양념반/1(옵션변경(윙봉（날개）)),"
맛
★
5
양
★
5
배달
★
5
",4.8
45,또래오래는 여기지점에서만 먹어요 핫양념 짱맛,★★★★★,갈릭반＋핫양념반/1(옵션변경(한마리)),"
맛
★
5
양
★
5
배달
★
5
",4.81
46,순살 다리살이라 맛있어여,★★★★★,"치킨＋치즈볼/1(치킨 선택 택 1(후반양반),세트 부위선택 택 1(순살（다리살）))","
맛
★
5
양
★
5
배달
★
5
",4.39
47,잘먹었습니다핫양념 중간맛 쵝오,★★★★★,갈릭반＋핫양념반/1(옵션변경(한마리)),"
맛
★
5
양
★
5
배달
★
5
",5.0
48,항상 맛있게 먹고 있어요닭 잡내 없고 완전 바삭바삭또래오래 중에서도 독가점이 젤 맛나네용,★★★★★,오곡 후라이드 치킨/1(부위선택 택 1(한마리)),"
맛
★
5
양
★
5
배달
★
5
",4.81
49,잘먹었읍니다 감사합니다,★★★★★,오곡 후라이드 치킨/1(부위선택 택 1(스틱（다리）)),"
맛
★
5
양
★
5
배달
★
5
",5.0
50,또래오래 맛있어요 ㅠ,★★★★★,콘듀치킨 콤보/1,"
맛
★
5
양
★
5
배달
★
5
",4.6
51,핫양념 맛있게 매워 좋아요,★★★★★,오곡 핫양념 치킨/1(부위선택 택 1(한마리)),"
맛
★
5
양
★
5
배달
★
5
",4.39
52,퀄리티 좋고 맛있어요,★★★★★,단짠치킨/1,"
맛
★
5
양
★
5
배달
★
5
",4.8
53,잘먹었습니다 배달 서비스 역시 좋은 곳,★★★★★,오곡 갈릭플러스 치킨/1(부위선택 택 1(한마리)),"
맛
★
5
양
★
5
배달
★
5
",5.0
54,배달도 빠르고 너무 잘 먹었습니다,★★★★★,갈릭반＋핫양념반/1(옵션변경(한마리)),"
맛
★
5
양
★
5
배달
★
5
",5.0
55,처음 시켜봤눈데 잘 먹었어용,★★★★★,후라이드반＋양념반/1(옵션변경(순살（다리살）)),"
맛
★
5
양
★
5
배달
★
5
",4.6
56,넘 맛있어요 실수로 먹다가 사진 찍었네요,★★★★★,오곡 핫양념 치킨/1(부위선택 택 1(한마리)),"
맛
★
5
양
★
5
배달
★
5
",4.81
57,후라이드 치킨 너무 맛있어요,★★★★★,오곡 후라이드 치킨/1(부위선택 택 1(한마리)),"
맛
★
5
양
★
5
배달
★
5
",5.0
58,치킨 맛있어요  국물떡볶이도 양도 많고 달달하니 좋음 ㅋㅋ 잘먹었습니다  많이 파시고 부자되세용,★★★★★,"후라이드반＋양념반/1(옵션변경(한마리),음료 택 1(콜라 1.25L 추가)),국물떡볶이/1","
맛
★
5
양
★
5
배달
★
5
",5.0
59,잘먹었습니다 ,★★★★★,엔젤치킨/1(부위선택 택 1(스틱（다리）)),"
맛
★
5
양
★
5
배달
★
5
",5.0
60,배달도 빠르고 맛있게 먹었습니다 ,★★★★★,콘듀치킨/1,"
맛
★
5
양
★
5
배달
★
5
",4.4
61,넘넘 짱맛이네연,★★★★★,후라이드반＋양념반/1(옵션변경(한마리)),"
맛
★
5
양
★
5
배달
★
5
",5.0
62,너무 맛있고 바삭하고 촉촉한게 좋습니다,★★★★★,오곡 후라이드 치킨/1(부위선택 택 1(순살（다리살）)),"
맛
★
5
양
★
5
배달
★
5
",4.8
63,오랜만에 먹었는데 역시 대존맛 포테이토치즈볼 개맛있어요,★★★★★,"치킨＋포테이토치즈볼/1(치킨 선택 택 1(후반양반),세트 부위선택 택 1(한마리))","
맛
★
5
양
★
5
배달
★
5
",4.59
64,또래오래 최애메뉴 항상 잘 먹고 있습니다,★★★★★,맵부심후라이드/1(사이드 추가(치킨무 추가)),"
맛
★
5
양
★
5
배달
★
5
",4.8
65,잘먹었습니다 ㅎㅎㅎㅎㅎ,★★★★★,양념반＋갈릭반/1(옵션변경(한마리)),"
맛
★
5
양
★
5
배달
★
5
",5.0
66,매번 맛있게 잘 먹고 있습니다ㅎㅎ,★★★★★,갈릭반＋핫양념반/1(옵션변경(순살（다리살）)),"
맛
★
5
양
★
5
배달
★
5
",4.79
67,순살도 맛있고 뼈도 맛있어요 잘먹었습니다 ㅎㅎ,★★★★★,갈릭반＋핫양념반/1(옵션변경(한마리)),"
맛
★
5
양
★
5
배달
★
5
",5.0
68,최고로 맛있습니다 정말,★★★★★,갈릭반＋핫양념반/1(옵션변경(순살（다리살）)),"
맛
★
5
양
★
5
배달
★
5
",5.0
69,항상 너무 맛있어요,★★★★★,후라이드반＋양념반/1(옵션변경(한마리)),"
맛
★
5
양
★
5
배달
★
5
",4.8
70,튀긴 치킨은 여기서만 먹어요 존맛,★★★★★,맵부심양념/1,"
맛
★
5
양
★
5
배달
★
5
",3.6
71,배달 빠르고 맛있엇어요,★★★★★,후라이드반＋갈릭반/1(옵션변경(한마리)),"
맛
★
5
양
★
5
배달
★
5
",5.0
72,맛있게 잘 먹었습니다,★★★★★,양념반＋갈릭반/1(옵션변경(순살（다리살）)),"
맛
★
5
양
★
5
배달
★
5
",4.8
73,젤마니 시키는곳이고 요 근방서 젤 맛있습니다,★★★★★,양념반＋갈릭반/1(옵션변경(한마리)),"
맛
★
5
양
★
5
배달
★
5
",5.0
74,여기 순살은 다리살을 많이 시용해서 좋아요,★★★★★,"두마리 순살/1(두마리 치킨1 선택 택 1(양념),두마리 치킨2 선택 택 1(갈릭))","
맛
★
5
양
★
5
배달
★
5
",3.98
75,은은하게 매콤하면서 단짠단짠 간장맛맛있게 먹었네요,★★★★★,고추단짠치킨/1,"
맛
★
5
양
★
5
배달
★
5
",4.4
76,맛있고 살도 부드러워서 먹기 좋았네요,★★★★★,오곡 파닭 치킨/1(부위선택 택 1(순살（다리살）)),"
맛
★
5
양
★
5
배달
★
5
",4.8
77,바삭하구 떡도맛있구요ㅎㅎ 또래오래 단짠치킨이 최애입니다ㅎㅎ,★★★★★,단짠치킨 순살/1,"
맛
★
5
양
★
5
배달
★
5
",5.0
78,맛잇어요 굳굳,★★★★★,"치킨＋로제떡볶이 보통맛/1(치킨 선택 택 1(후반양반),세트 부위선택 택 1(한마리))","
맛
★
5
양
★
5
배달
★
5
",4.8
79,할인행사 중이라 바쁘셨을텐데따뜻하고 빠르게 잘 왔어요핫양념 중간맛 부탁드렸는데많이 맵지도 않고 딱 맛있게 잘 먹었습니다,★★★★★,갈릭반＋핫양념반/1(옵션변경(한마리)),"
맛
★
5
양
★
5
배달
★
5
",4.8
80,믿고먹는 또래오래 최고에여,★★★★★,후라이드반＋양념반/1(옵션변경(한마리)),"
맛
★
5
양
★
5
배달
★
5
",4.6
81,배달도 빠르게 왔고 따듯하게 잘먹었습니다,★★★★★,후라이드반＋양념반/1(옵션변경(한마리)),"
맛
★
5
양
★
5
배달
★
5
",4.8
82,너무맛있게먹었네요 배달도 음식도 너무좋아요,★★★★★,"두마리 순살/1(두마리 치킨1 선택 택 1(갈릭),두마리 치킨2 선택 택 1(양념))","
맛
★
5
양
★
5
배달
★
5
",5.0
83,굿굿 할인행사도 자주하고 맛있어서 자주 시켜먹는곳입니다,★★★★★,고추단짠치킨 순살/1,"
맛
★
5
양
★
5
배달
★
5
",4.8
84,입천장 데일 정도로 빠른 바달안정적인 맛,★★★★★,후라이드반＋양념반/1(옵션변경(한마리)),"
맛
★
5
양
★
5
배달
★
5
",4.6
85,할인할때마다 시켜먹어요,★★★★★,핫뿌레이크 순살/1,"
맛
★
5
양
★
5
배달
★
5
",4.18
86,바삭바삭 빠른배달 굿굿,★★★★★,오곡 후라이드 치킨/1(부위선택 택 1(한마리)),"
맛
★
5
양
★
5
배달
★
5
",4.4
87,항상 최고에요 감사합니다,★★★★★,갈릭반＋핫양념반/1(옵션변경(한마리)),"
맛
★
5
양
★
5
배달
★
5
",5.0
88,항상 잘 먹고 있습니다,★★★★★,오곡 파닭 치킨/1(부위선택 택 1(한마리)),"
맛
★
5
양
★
5
배달
★
5
",4.81
89,짭짤한게 굉장히 맛있었습니다,★★★★★,오곡 갈릭플러스 치킨/1(부위선택 택 1(한마리)),"
맛
★
5
양
★
5
배달
★
5
",4.79
90,항상 맛있게 먹습니다,★★★★★,후라이드반＋양념반/1(옵션변경(한마리)),"
맛
★
5
양
★
5
배달
★
5
",4.8
91,배달이 늦게왔네요 치킨은 맛있어요,★★★★★,"치킨＋치즈볼/1(치킨 선택 택 1(단짠치킨),세트 부위선택 택 1(한마리),소스추가(양념소스))","
맛
★
5
양
★
5
배달
★
3
",3.58
92,맛잇고 양많고 배달빠르고 굿굿,★★★★★,"오곡 양념 치킨/1(부위선택 택 1(한마리)),떡사리 추가/1","
맛
★
5
양
★
5
배달
★
5
",5.0
93,갈반핫반이 역시 또래오래 시그니쳐죠 다음에는 순살로 편하게 먹어보고 싶네요,★★★★★,갈릭반＋핫양념반/1(옵션변경(한마리)),"
맛
★
5
양
★
5
배달
★
5
",4.8
94,말이 필요 없다 후라이드 원탑,★★★★★,맵부심후라이드/1,"
맛
★
5
양
★
5
배달
★
5
",4.39
95,또래오래는 역시 갈반핫반이죠,★★★★★,갈릭반＋핫양념반/1(옵션변경(순살（다리살）)),"
맛
★
5
양
★
5
배달
★
5
",4.61
96,항상 친절하고 치킨 상태 좋고 맛도 있고 항상 잘 먹고 있습니다 오늘은 배달 실수가 있었지만 빠른 처리 해주셧습니다,★★★★★,"갈릭반＋핫양념반/1(옵션변경(한마리),음료 택 1(콜라 1.25L 추가))","
맛
★
5
양
★
5
배달
★
3
",5.0
97,치킨이 아무리 흔하다지만 여긴 찐맛,★★★★★,갈릭반＋핫양념반/1(옵션변경(스틱（다리）)),"
맛
★
5
양
★
5
배달
★
5
",1.82
98,항상 잘먹고있어요양도많고 맛도좋아요,★★★★★,후라이드반＋양념반/1(옵션변경(한마리)),"
맛
★
5
양
★
5
배달
★
5
",4.8
99,맛있게 잘 먹었습니다,★★★★★,핫뿌레이크 순살/1,"
맛
★
5
양
★
5
배달
★
5
",4.8
100,잘먹었어요,★★★★★,"오곡 양념 치킨/1(부위선택 택 1(순살（다리살）)),후라이드반＋양념반/1(옵션변경(콤보（날개＋다리）))","
맛
★
5
양
★
5
배달
★
5
",5.0
101,가끔 치킨 시켜먹으면 항상 여기서 주문하는거같아요맛있어요,★★★★★,콘듀치킨 순살/1,"
맛
★
5
양
★
5
배달
★
5
",4.8
102,매번 맛있어요 닭가슴살 촉촉하고 튀김도 진짜 딱 적당하고 떡사리도 완전 쫄깃하고ㅋㅋ 또 시켜먹을게요,★★★★★,갈릭반＋핫양념반/1(옵션변경(한마리)),"
맛
★
5
양
★
5
배달
★
5
",5.0
103,맛있게 잘 먹었습니다,★★★★★,콘듀치킨 순살/1,"
맛
★
5
양
★
5
배달
★
5
",4.8
104,다 먹고 나서 바로 리뷰 남겨요 배달 속도 정말 빨랐고 후라이드 치킨은 따뜻하고 바삭하니 너무 맛있었고 양념치킨도 촉촉하고 양념소스도 넉넉하게 넣어주셔서 정말 맛있게 먹었어요,★★★★★,후라이드반＋양념반/1(옵션변경(한마리)),"
맛
★
5
양
★
5
배달
★
5
",4.8
105,늘 언제나 최고의 치킨 맛있고 양도 많고 오늘도 치소했네요,★★★★★,갈릭반＋핫양념반/1(옵션변경(한마리)),"
맛
★
5
양
★
5
배달
★
5
",4.79
106,맛있게 잘 먹었습니다,★★★★★,맛강정/1(부위선택 택 1(한마리)),"
맛
★
5
양
★
5
배달
★
5
",4.8
107,배달빠르고 맛있습니다,★★★★★,갈릭반＋핫양념반/1(옵션변경(한마리)),"
맛
★
5
양
★
5
배달
★
5
",4.8
108,항상 최고입니다,★★★★★,후라이드반＋양념반/1(옵션변경(한마리)),"
맛
★
5
양
★
5
배달
★
5
",5.0
109,맛있고 배달도 빨라요,★★★★★,"양념반＋갈릭반/1(옵션변경(한마리)),리얼치즈볼/1","
맛
★
5
양
★
5
배달
★
5
",4.8
110,이건 처음 먹어보는데 맛있게먹었읍니다,★★★★★,갈릭반＋핫양념반/1(옵션변경(한마리)),"
맛
★
5
양
★
5
배달
★
5
",4.8
111,항상 맛있게 잘먹고 있습니다 감사합니다,★★★★★,후라이드반＋양념반/1(옵션변경(윙봉（날개）)),"
맛
★
5
양
★
5
배달
★
5
",5.0
112,맛있게 잘 먹었어요 ,★★★★★,후라이드반＋양념반/1(옵션변경(순살（다리살）)),"
맛
★
5
양
★
5
배달
★
5
",4.8
113,맛나용,★★★★★,핫뿌레이크/1,"
맛
★
5
양
★
5
배달
★
5
",4.2
114,맛있어요양념의소스는 살짝 새콤스타일이에요늦은시간에 시켰는데도 따끈따끈 너무 맛있게 먹었어요감사감사,★★★★★,후라이드반＋양념반/1(옵션변경(한마리)),"
맛
★
5
양
★
5
배달
★
5
",4.8
115,너무 맛있게 먹었어요,★★★★★,콘듀치킨 순살/1,"
맛
★
5
양
★
5
배달
★
5
",5.0
116,양 정말 많고 맛있었어요,★★★★★,갈릭반＋핫양념반/1(옵션변경(한마리)),"
맛
★
5
양
★
5
배달
★
5
",5.0
117,맨날 다른 메뉴만 먹었었는데 기본 후라이드랑 양념도 너무 맛있게 잘 먹었습니다,★★★★★,후라이드반＋양념반/1(옵션변경(한마리)),"
맛
★
5
양
★
5
배달
★
5
",4.0
119,리뷰가 늦엇습니다 ㅠ 마감인데도 불구하고 주문 받아주셔서 감사햇어요 맛잇게 잘 먹엇습니다,★★★★★,갈릭반＋핫양념반/1(옵션변경(한마리)),"
맛
★
5
양
★
5
배달
★
5
",5.0
120,살짝 교촌치킨 느낌 양많고 떡 낭낭해서 좋았습니다,★★★★★,단짠치킨＋바삭한근위튀김/1,"
맛
★
4
양
★
5
배달
★
5
",4.6
121,생각날때마다 먹는 매운맛이 좋아요,★★★★★,"치킨＋미니핫도그/1(치킨 선택 택 1(고추단짠치킨),세트 부위선택 택 1(스틱（다리）))","
맛
★
5
양
★
5
배달
★
5
",3.4
122,맛았게 잘 먹었습니다,★★★★★,"치킨＋치즈볼/1(치킨 선택 택 1(단짠치킨),세트 부위선택 택 1(윙봉（날개）),소스추가(핫양념소스))","
맛
★
5
양
★
5
배달
★
5
",4.8
123,수준이 전문가 수준입니다,★★★★★,갈릭반＋핫양념반/1(옵션변경(한마리)),"
맛
★
5
양
★
5
배달
★
5
",4.2
124,오늘도 정말 맛있게 잘 먹었습니다,★★★★★,"치킨＋미니핫도그/1(치킨 선택 택 1(후라이드),세트 부위선택 택 1(순살（다리살）)),국물떡볶이/1","
맛
★
5
양
★
5
배달
★
5
",4.8
125,잘 받았습니다 빠른 배송 감사합니다,★★★★★,"후라이드반＋양념반/1(옵션변경(한마리),사이드 추가(치킨무 추가))","
맛
★
5
양
★
5
배달
★
5
",4.4
126,넘 맛있어요,★★★★★,갈릭반＋핫양념반/1(옵션변경(한마리)),"
맛
★
5
양
★
5
배달
★
5
",5.0
127,배달도 빠르고 따뜻하게 맛있게 먹었어요 역시 순살최고ㅎ,★★★★★,양념반＋갈릭반/1(옵션변경(순살（다리살）)),"
맛
★
5
양
★
5
배달
★
5
",5.0
128,핫양념은 물론이고 갈릭맛도 맛있어요 서비스 김말이도 감사하구요,★★★★★,갈릭반＋핫양념반/1(옵션변경(한마리)),"
맛
★
5
양
★
5
배달
★
5
",5.0
129,처음 시켜먹었는데 살아있네요또 시켜먹을게요,★★★★★,오곡 후라이드 치킨/1(부위선택 택 1(콤보（날개＋다리）)),"
맛
★
5
양
★
5
배달
★
5
",4.8
130,배달도 빠르고 너무 맛있어요,★★★★★,갈릭반＋핫양념반/1(옵션변경(콤보（날개＋다리）)),"
맛
★
5
양
★
5
배달
★
5
",5.0
132,프로 만족하는 치킨집,★★★★★,오곡 갈릭플러스 치킨/1(부위선택 택 1(한마리)),"
맛
★
5
양
★
5
배달
★
5
",4.8
133,맛있었어요,★★★★★,갈릭반＋핫양념반/1(옵션변경(순살（다리살）)),"
맛
★
5
양
★
5
배달
★
5
",5.0
134,배달은 예상시간보다 빨리 왔고 고추단짠만 먹다가 후라이드 양념은 처음 먹어봤는데 기름기도 많지 않고담백하고 바삭해서 맛있네요,★★★★★,후라이드반＋양념반/1(옵션변경(한마리)),"
맛
★
5
양
★
5
배달
★
5
",3.4
135,맛있게 잘 먹었어요,★★★★★,"오곡 갈릭플러스 치킨/1(부위선택 택 1(스틱（다리）)),떡사리 추가/1","
맛
★
5
양
★
5
배달
★
5
",4.8
136,너무 맛있습니다 정성스러워요,★★★★★,양념반＋갈릭반/1(옵션변경(한마리)),"
맛
★
5
양
★
5
배달
★
5
",4.8
137,늘 평타 이상은 치는 또래오래,★★★★,후라이드반＋양념반/1(옵션변경(순살（다리살）)),"
맛
★
4
양
★
4
배달
★
4
",3.41
138,맛았개 잘 먹었습니다,★★★★★,갈릭반＋핫양념반/1(옵션변경(한마리)),"
맛
★
5
양
★
5
배달
★
5
",5.0
139,항상 맛나게 잘 먹고 있어요오늘따라 매운맛이 더했어요핫,★★★★★,갈릭반＋핫양념반/1(옵션변경(한마리)),"
맛
★
5
양
★
5
배달
★
5
",4.6
140,잘먹었습니다,★★★★★,오곡 양념 치킨/1(부위선택 택 1(순살（다리살）)),"
맛
★
5
양
★
5
배달
★
5
",5.0
141,맛있었어요,★★★★★,후라이드반＋양념반/1(옵션변경(순살（다리살）)),"
맛
★
5
양
★
5
배달
★
5
",5.0
142,맛있아요  근래먹운 치킨중 제일 맛있네여,★★★★★,콘듀치킨 콤보/1,"
맛
★
5
양
★
5
배달
★
5
",5.0
143,배달도 맛도 양도 서비스도 완벽했어요,★★★★★,후라이드반＋양념반/1(옵션변경(한마리)),"
맛
★
5
양
★
5
배달
★
5
",5.0
144,완전 맛있게 잘먹었습니다서비스 김말이도 맛있었구요순살 맛있었어요,★★★★★,"두마리 순살/1(두마리 치킨1 선택 택 1(갈릭),두마리 치킨2 선택 택 1(후라이드))","
맛
★
5
양
★
5
배달
★
5
",5.0
145,갈릭치킨 맛있어요이번에는 튀김옷이 너무 딱딱했어요ㅠㅠ그래도 따뜻하게 와서 잘 먹었습니다,★★★★★,오곡 갈릭플러스 치킨/1(부위선택 택 1(한마리)),"
맛
★
4
양
★
4
배달
★
5
",4.81
146,바삭바삭하고 맛있어요,★★★★★,"후라이드반＋양념반/1(옵션변경(한마리),소스추가(핫양념소스))","
맛
★
5
양
★
5
배달
★
5
",4.8
147,배달도 빠르고 눅눅하지 않은상테로 맛있는 치킨 와서 잘 먹었습니다,★★★★★,핫뿌레이크 순살/1,"
맛
★
5
양
★
5
배달
★
5
",4.4
148,앤젤치킨 아주 맛있어요,★★★★★,엔젤치킨/1(부위선택 택 1(한마리)),"
맛
★
5
양
★
5
배달
★
5
",4.8
149,매콤하니 안느끼하고끝까지 맛있게 잘 먹었습니다같이 온 소스는 너무 맵네요ㅎㅎ,★★★★★,맵부심후라이드/1,"
맛
★
5
양
★
5
배달
★
5
",3.99
150,너무너무 맛있게 잘먹었어요 또 주문할게요,★★★★★,갈릭반＋핫양념반/1(옵션변경(순살（다리살）)),"
맛
★
5
양
★
5
배달
★
5
",4.8
151,바삭하고 촉촉하고 진짜진짜 맛있어요,★★★★★,단짠치킨 순살/1,"
맛
★
5
양
★
5
배달
★
5
",5.0
152,맛도 좋고 양도 많으니 잘 먹었습니다,★★★★★,오곡 후라이드 치킨/1(부위선택 택 1(한마리)),"
맛
★
5
양
★
5
배달
★
5
",4.6
153,잘 받았습니다 빠른 배송 감사합니다,★★★★★,오곡 양념 치킨/1(부위선택 택 1(한마리)),"
맛
★
5
양
★
5
배달
★
5
",4.4
154,너무 바삭하고 맛있었어요맛있어서 먹다가 찍었슴다ㅜㅜㅋㅋㅋㅋ,★★★★★,오곡 후라이드 치킨/1(부위선택 택 1(한마리)),"
맛
★
5
양
★
5
배달
★
5
",5.0
155,역시 치킨은 또래오래네요바싹한 후라이드가 너무 먹고 싶었는데 딱 원했던 그 맛이예요ㅎㅎ   치킨은 역시 또래오래 강추입니다아 배달도 진짜 빨랐어요ㅎ,★★★★★,오곡 후라이드 치킨/1(부위선택 택 1(한마리)),"
맛
★
5
양
★
5
배달
★
5
",4.8
156,양념치킨너무맛잇게먹엇습니다 포장도가능하게 해주셧으면 좋겟습니다,★★★★★,오곡 양념 치킨/1(부위선택 택 1(한마리)),"
맛
★
5
양
★
5
배달
★
5
",4.6
157,역시 갈반핫반 진리네요,★★★★★,갈릭반＋핫양념반/1(옵션변경(순살（다리살）)),"
맛
★
5
양
★
5
배달
★
5
",5.0
158,항상 너무맛있게 먹고있네요 감사합니다,★★★★★,"두마리 순살/1(두마리 치킨1 선택 택 1(갈릭),두마리 치킨2 선택 택 1(양념))","
맛
★
5
양
★
5
배달
★
5
",5.0
159,맛있어요 생각보다 더 맵긴 해요,★★★★★,맵부심후라이드/1,"
맛
★
5
양
★
5
배달
★
5
",4.03
160,요청사항 들어주셔서 감사합니다항상 맛있어요,★★★★★,"후라이드반＋양념반/1(옵션변경(한마리),사이드 추가(치킨무 추가))","
맛
★
5
양
★
5
배달
★
5
",5.0
161,맛있어요 잘 먹었습니다,★★★★★,오곡 후라이드 치킨/1(부위선택 택 1(한마리)),"
맛
★
5
양
★
5
배달
★
5
",5.0
162,경쟁력 최강이제 배달도 빨라진 것 같아요,★★★★★,갈릭반＋핫양념반/1(옵션변경(스틱（다리）)),"
맛
★
5
양
★
5
배달
★
5
",4.42
163,치킨 튀김옷이 딱딱하지 않고 부드럽고 맛있어요 순살 촉촉하고 간도 알맞네요 근위도 맛있음많이 파시고 부자되세용,★★★★★,"치킨＋바삭한근위튀김/1(치킨 선택 택 1(후반양반),세트 부위선택 택 1(순살（다리살）),음료 택 1(콜라 1.25L 추가))","
맛
★
5
양
★
5
배달
★
5
",3.83
164,맛있게 잘 먹었어요,★★★★★,단짠치킨 콤보/1,"
맛
★
5
양
★
5
배달
★
5
",4.8
165,순살이라서 확실히 바삭함은 없네용ㅋㅋ그치만 닭다리살의 야들함과 촉촉함이 살아있어서 나름 맛있습니다오늘도 맛있게 잘먹었어요,★★★★★,갈릭반＋핫양념반/1(옵션변경(순살（다리살）)),"
맛
★
5
양
★
5
배달
★
5
",3.99
166,살이 부들부들하니 맛있네요해쉬브라운도 맛있어요,★★★★★,"코코순살 치킨/1,생맥주 1000cc/1","
맛
★
5
양
★
5
배달
★
5
",4.4
167,매번 맛있게 잘해줘요,★★★★★,갈릭반＋핫양념반/1(옵션변경(한마리)),"
맛
★
5
양
★
5
배달
★
5
",5.0
168,오랜만에 먹었는데도 여전히 맛있네요 자주 시켜먹늘게요,★★★★★,"맵부심후라이드/1,치킨무 추가/1","
맛
★
5
양
★
5
배달
★
5
",4.58
169,언제 먹어도 맛있어요,★★★★★,후라이드반＋핫양념반/1(옵션변경(한마리)),"
맛
★
5
양
★
5
배달
★
5
",4.77
170,요집 믿고 시키세요항상 잘먹고 있습니다,★★★★★,갈릭반＋핫양념반/1(옵션변경(윙봉（날개）)),"
맛
★
5
양
★
5
배달
★
5
",4.8
171,퍽퍽살도 연하고 맛있네요,★★★★★,맛강정/1(부위선택 택 1(한마리)),"
맛
★
5
양
★
5
배달
★
5
",4.8
172,맛있습니다 양념도 맛있네요,★★★★★,오곡 양념 치킨/1(부위선택 택 1(순살（다리살）)),"
맛
★
5
양
★
5
배달
★
5
",4.8
173,소스도깔끔하고 후라읻도 너무 맛나네요,★★★★★,후라이드반＋양념반/1(옵션변경(한마리)),"
맛
★
5
양
★
5
배달
★
5
",5.0
174,언제나 맛있어요 잘먹었습니다 감사합니다,★★★★★,후라이드반＋양념반/1(옵션변경(윙봉（날개）)),"
맛
★
5
양
★
5
배달
★
5
",4.81
176,너무 맛있어요어제 먹었는데 오늘도 먹게 얼른 문 열어주세요 ㅠㅠ,★★★★★,양념반＋갈릭반/1(옵션변경(한마리)),"
맛
★
5
양
★
5
배달
★
5
",4.8
177,맛있었습니다 ㅎㅎㅎ,★★★★★,"치킨＋치즈볼/1(치킨 선택 택 1(후라이드),세트 부위선택 택 1(한마리))","
맛
★
5
양
★
5
배달
★
5
",5.0
178,서비스도 많고 치킨도 맛있어요,★★★★★,후라이드반＋양념반/1(옵션변경(순살（다리살）)),"
맛
★
5
양
★
5
배달
★
5
",4.8
179,항상 최고의 맛입니다 감사합니다,★★★★★,갈릭반＋핫양념반/1(옵션변경(한마리)),"
맛
★
5
양
★
5
배달
★
5
",5.0
180,맛있었어요 또 시킬게요,★★★★★,단짠치킨 스틱/1,"
맛
★
5
양
★
5
배달
★
5
",4.61
181,매번 맛있게 잘 먹고 있습니다ㅎㅎ,★★★★★,"두마리 순살/1(두마리 치킨1 선택 택 1(후라이드),두마리 치킨2 선택 택 1(후라이드))","
맛
★
5
양
★
5
배달
★
5
",4.79
182,잘먹었습니다 배달 서비스 역시 좋은 곳소스 매우니 조심,★★★★★,맵부심후라이드/1,"
맛
★
5
양
★
5
배달
★
5
",4.8
183,식후감반반하게 생긴 나는 반반치킨을 먹는다마지막 여름주말양념반 후라이드반 반반치킨그리고 맥주와 함께또래오래 라면 치맥으로 먹기에 손색이 없기에또래오래 반반치킨 으로 택했다매콤하게 바삭하게 시원하게치맥엔 역시 또래오래 치킨,★★★★★,후라이드반＋양념반/1(옵션변경(한마리)),"
맛
★
5
양
★
5
배달
★
5
",3.44
184,넘 맛있어요 ㅜㅠㅜㅜ 여기는 브랜드를 넘어서 이 지점이 치킨을 잘하는 것 같아요 배달도 빨리오고 항상 시켜먹을 때마다 진짜 맛있게 잘 먹고있습니다 매운게 땡기면 갈릭반 핫양념반먹고 이번엔 매운건 못먹을듯하여 갈릭반양념반먹었어요,★★★★★,"두마리 순살/1(두마리 치킨1 선택 택 1(갈릭),두마리 치킨2 선택 택 1(양념),음료 선택(콜라 1.25L 추가))","
맛
★
5
양
★
5
배달
★
5
",3.21
185,맛있게 잘 먹었습니다,★★★★★,단짠치킨 윙봉/1,"
맛
★
5
양
★
5
배달
★
5
",4.8
186,제가 좋아하는 양념맛이라서 자주 시켜먹어요ㅎㅎ,★★★★★,"두마리 순살/1(두마리 치킨1 선택 택 1(양념),두마리 치킨2 선택 택 1(갈릭))","
맛
★
5
양
★
5
배달
★
5
",4.6
187,할인할때마다 잘 먹고있어요,★★★★★,오곡 양념 치킨/1(부위선택 택 1(순살（다리살）)),"
맛
★
5
양
★
5
배달
★
5
",4.39
188,수준이 전문가 수준입니다,★★★★★,오곡 갈릭플러스 치킨/1(부위선택 택 1(한마리)),"
맛
★
5
양
★
5
배달
★
5
",4.2
189,오랜만에 시켜먹았는데 역시 최고 배달도 엄청 빠르고 맛있게 잘 먹었습니당,★★★★★,오곡 후라이드 치킨/1(부위선택 택 1(한마리)),"
맛
★
5
양
★
5
배달
★
5
",4.8
190,매콤하고 맛있어요 배달도 빨라요,★★★★★,맵부심양념/1,"
맛
★
5
양
★
5
배달
★
5
",5.0
191,엄청 따뜻하게 배달됐어요두가지 맛 조합이 좋아서 자주 먹고 있습니다또래오래 최고,★★★★★,갈릭반＋핫양념반/1(옵션변경(한마리)),"
맛
★
5
양
★
5
배달
★
5
",5.0
192,너무 맛있게 먹었습니다 감사합니다,★★★★★,오곡 후라이드 치킨/1(부위선택 택 1(스틱（다리）)),"
맛
★
5
양
★
5
배달
★
5
",5.0
193,두마리로 시켜봤는데 실컷먹고 많이 남았네요 맛있게 먹었음 ㅎㅎ,★★★★★,"두마리 순살/1(두마리 치킨1 선택 택 1(후라이드),두마리 치킨2 선택 택 1(핫양념),사이드 추가(바삭한근위튀김))","
맛
★
5
양
★
5
배달
★
5
",4.4
194,역시 최고로 맛있습니다,★★★★★,후라이드반＋양념반/1(옵션변경(순살（다리살）)),"
맛
★
5
양
★
5
배달
★
5
",5.0
195,바삭하고 느끼하지않아 맛있게 먹었어요  치킨 다먹을때까지 눅눅해지지않고 튀김옷이 바삭해서 진짜맛있어요,★★★★★,후라이드반＋핫양념반/1(옵션변경(한마리)),"
맛
★
5
양
★
5
배달
★
5
",3.81
196,맛았게 잘 먹었습니다,★★★★★,단짠치킨 윙봉/1(소스추가(핫양념소스)),"
맛
★
5
양
★
5
배달
★
5
",4.8
197,항상 빠른배달이랑 맛도 너무좋아요,★★★★★,핫뿌레이크/1,"
맛
★
5
양
★
5
배달
★
5
",5.0
198,튀김옷도 바삭하고 양념 간장 모두 맛있게 먹었어요다 못먹어서 냉장고 보관한 것도 먹었는데 너무 부드럽고 좋네요,★★★★★,갈릭반＋핫양념반/1(옵션변경(한마리)),"
맛
★
5
양
★
5
배달
★
5
",4.6
199,후라이드 맛잇어용 바삭하궁,★★★★★,후라이드반＋양념반/1(옵션변경(한마리)),"
맛
★
5
양
★
5
배달
★
5
",4.79
201,오늘도 정말 맛있게 잘 먹었습니다,★★★★★,"오곡 파닭 치킨/1(부위선택 택 1(순살（다리살）),사이드 추가(해쉬브라운（8EA）))","
맛
★
5
양
★
5
배달
★
5
",4.8
202,오늘도 맛있게 잘 먹었습니다항상 변함없는 맛,★★★★★,갈릭반＋핫양념반/1(옵션변경(한마리)),"
맛
★
5
양
★
5
배달
★
5
",4.6
203,맛있게 잘 먹었습니다,★★★★★,갈릭반＋핫양념반/1(옵션변경(윙봉（날개）)),"
맛
★
5
양
★
5
배달
★
5
",4.8
204,바삭바삭하고 맛있어요기름이 신선한거 같아요,★★★★★,오곡 후라이드 치킨/1(부위선택 택 1(한마리)),"
맛
★
5
양
★
5
배달
★
5
",4.8
205,맛있게 잘먹었습니다,★★★★★,오곡 후라이드 치킨/1(부위선택 택 1(한마리)),"
맛
★
5
양
★
5
배달
★
5
",5.0
206,배달도 빨리오구 치킨도 맛있네요 잘먹었습니다,★★★★,단짠치킨/1,"
맛
★
5
양
★
5
배달
★
5
",5.0
207,맛있게 잘 먹었습니다,★★★★★,핫뿌레이크 윙봉/1,"
맛
★
5
양
★
5
배달
★
5
",4.8
208,오늘도 맛있게 잘 먹었습니다,★★★★★,후라이드반＋양념반/1(옵션변경(한마리)),"
맛
★
5
양
★
5
배달
★
5
",5.0
209,리뷰가 좀 늦었네요 어제 치맥했는데 달콤찝짤하니 역시 또래오래 베스트메뉴에요 ㅎㅎㅎ 항상 잘 먹고있습니다 번창하세요,★★★★★,갈릭반＋핫양념반/1(옵션변경(윙봉（날개）)),"
맛
★
5
양
★
5
배달
★
5
",5.0
210,잘먹었습니다,★★★★★,"두마리 순살/1(두마리 치킨1 선택 택 1(양념),두마리 치킨2 선택 택 1(후라이드)),콘듀디핑소스/1","
맛
★
5
양
★
5
배달
★
5
",5.0
211,맛있게 잘 먹었습니다,★★★★★,후라이드반＋양념반/1(옵션변경(순살（다리살）)),"
맛
★
5
양
★
5
배달
★
5
",4.8
212,항상 최고네요 역시 전국구 지점입니다,★★★★★,"치킨＋바삭한근위튀김/1(치킨 선택 택 1(후반양반),세트 부위선택 택 1(한마리))","
맛
★
5
양
★
5
배달
★
5
",5.0
213,리뷰가 늦어서 죄송합니다ㅠㅠ오늘도 정말 맛있게 잘 먹었습니다 사장님 언제나 빠른 배달 최고의 맛 친절한 서비스 보여주셔서 감사합니다,★★★★★,"두마리 순살/1(두마리 치킨1 선택 택 1(후라이드),두마리 치킨2 선택 택 1(후라이드))","
맛
★
5
양
★
5
배달
★
5
",5.0
214,반반이랑 근위맛있어요,★★★★★,"치킨＋바삭한근위튀김/1(치킨 선택 택 1(후반양반),세트 부위선택 택 1(한마리))","
맛
★
5
양
★
5
배달
★
5
",2.75
215,치킨 젤맛있어요 해쉬브라운도 너무 좋고요,★★★★★,갈릭반＋핫양념반/1(옵션변경(한마리)),"
맛
★
5
양
★
5
배달
★
5
",5.0
216,맛있게 잘 먹겠습니다 우리 강아지 보고 가세요,★★★★★,콘듀치킨 순살/1(소스추가(맵부심만렙소스)),"
맛
★
5
양
★
5
배달
★
4
",5.0
217,맵기보단 좀 짠데 맛은 나쁘지 않았습니다,★★★★★,핫뿌레이크/1,"
맛
★
4
양
★
5
배달
★
5
",3.61
218,맛있어요 순살진짜맛잇음,★★★★★,핫뿌레이크 순살/1,"
맛
★
5
양
★
5
배달
★
5
",5.0
219,질먹었습니다 맛있어요,★★★★★,핫뿌레이크/1,"
맛
★
5
양
★
5
배달
★
5
",4.4
220,맛있게 잘먹었습니다,★★★★★,콘듀치킨 순살/1,"
맛
★
5
양
★
5
배달
★
4
",5.0
221,맛있게 잘 먹었습니다,★★★★★,후라이드반＋양념반/1(옵션변경(순살（다리살）)),"
맛
★
5
양
★
5
배달
★
5
",4.8
222,항상 감사드려요 최고에요,★★★★★,갈릭반＋핫양념반/1(옵션변경(한마리)),"
맛
★
5
양
★
5
배달
★
5
",4.8
223,잘먹었습니다 배달 서비스 역시 좋은 곳,★★★★★,갈릭반＋핫양념반/1(옵션변경(한마리)),"
맛
★
5
양
★
5
배달
★
5
",5.0
224,역시 최고입니다 잘 먹었어요,★★★★★,후라이드반＋양념반/1(옵션변경(한마리)),"
맛
★
5
양
★
5
배달
★
5
",5.0
225,맛잇게 잘먹엇습니다 이벤트 굿이에요 배달료인상은 좀 아쉽네요 ㅠㅠ,★★★★★,후라이드반＋양념반/1(옵션변경(한마리)),"
맛
★
5
양
★
5
배달
★
5
",4.8
226,맛있게 잘 먹었습니다,★★★★★,핫뿌레이크 순살/1,"
맛
★
5
양
★
5
배달
★
5
",4.8
227,굿,★★★★★,핫뿌레이크 순살/1(사이드 추가(리얼치즈볼)),"
맛
★
5
양
★
5
배달
★
5
",4.2
228,아주 맛있게 먹었습니다,★★★★★,핫뿌레이크 순살/1(음료 택 1(콜라 355mL 추가)),"
맛
★
5
양
★
5
배달
★
5
",4.6
229,맛있어요 후라이드도 맛있지만 어머니와저는 이곳의 양념을 좋아하여 반반을 자주 이용합니다 맛있게 잘먹었습니다,★★★★★,후라이드반＋양념반/1(옵션변경(한마리)),"
맛
★
5
양
★
4
배달
★
5
",4.61
230,배달 빠르고 맛있습니다,★★★★★,갈릭반＋핫양념반/1(옵션변경(한마리)),"
맛
★
5
양
★
5
배달
★
5
",4.4
231,잘 먹엇습니다 또 시킬게여,★★★★★,"오곡 후라이드 치킨/1(부위선택 택 1(한마리)),생맥주 1000cc/1","
맛
★
5
양
★
5
배달
★
5
",4.81
232,오늘도 정말 맛있게 잘 먹었습니다 사장님언제나 빠른 배달 좋은 서비스 정말 감사합니다 서비스로 주신 김말이 정말 맛있게 잘 먹었습니다 조만간 치킨 먹고 싶을때 또 시킬게요 사장님,★★★★★,"오곡 파닭 치킨/1(부위선택 택 1(순살（다리살）)),해쉬브라운（8EA）/1,치킨무 추가/1,생맥주 1000cc/2","
맛
★
5
양
★
5
배달
★
5
",5.0
233,맛나용,★★★★★,"갈릭반＋핫양념반/1(옵션변경(한마리),사이드 추가(김말이튀김))","
맛
★
5
양
★
5
배달
★
5
",4.2
234,오랜만에 갈반핫반 시켜봤는데 역시는 역시네요,★★★★★,갈릭반＋핫양념반/1(옵션변경(한마리)),"
맛
★
5
양
★
5
배달
★
5
",4.8
235,서비스도 많이주고 맛있어요,★★★★★,후라이드반＋양념반/1(옵션변경(순살（다리살）)),"
맛
★
5
양
★
5
배달
★
5
",5.0
236,핫양념 매우면서도 맛있네요 근데 간장이 진짜 더 맛있어요 최고네요,★★★★★,갈릭반＋핫양념반/1(옵션변경(한마리)),"
맛
★
5
양
★
5
배달
★
5
",4.8
237,배달도 빠르고 맛있네요,★★★★★,오곡 양념 치킨/1(부위선택 택 1(순살（다리살）)),"
맛
★
5
양
★
5
배달
★
5
",4.8
238,맛있게 잘 먹었어요 ,★★★★★,후라이드반＋양념반/1(옵션변경(순살（다리살）)),"
맛
★
5
양
★
5
배달
★
5
",4.8
239,치킨 오랫만에 시켰네요후라이드 넘 맛있게 잘 먹었습니다 서비스 김말이도  굿,★★★★★,후라이드반＋양념반/1(옵션변경(한마리)),"
맛
★
5
양
★
5
배달
★
5
",4.39
240,오늘도 어김없이 또래오래 한마리 잘 먹었습니다 떡볶이도 맛있고요,★★★★★,"갈릭반＋핫양념반/1(옵션변경(한마리),사이드 추가(국물떡볶이 매운맛))","
맛
★
5
양
★
5
배달
★
5
",4.6
241,진짜 치킨,★★★★★,갈릭반＋핫양념반/1(옵션변경(한마리)),"
맛
★
5
양
★
5
배달
★
5
",4.01
242,사진은 깜박하고 못찍어는데요    맛은 괜찮아요  맛있어요  짠데 덜짜으면은  좋겠어요,★★★★★,"갈릭반＋핫양념반/1(옵션변경(한마리),사이드 추가(콘치즈볼))","
맛
★
5
양
★
5
배달
★
5
",3.58
243,저희 엘리베이터가 고장나서 다리 불편하신 사장님께서 층까지 겨우 올라오셨어요 ㅠ 샤워하느라 전화도 못받고 죄송합니다 맛있는 음식 배달해주셔서 감사하고 사업 번창하세요,★★★★★,맵부심후라이드/1,"
맛
★
5
양
★
5
배달
★
5
",1.78
244,정말 맛있는 치킨이에요,★★★★★,"후라이드반＋양념반/1(옵션변경(한마리)),양념소스/1","
맛
★
5
양
★
5
배달
★
5
",4.8
245,맛있게 잘 먹었습니다,★★★★★,후라이드반＋양념반/1(옵션변경(한마리)),"
맛
★
5
양
★
5
배달
★
5
",4.8
246,맛있게 잘목었어요,★★★★★,갈릭반＋핫양념반/1(옵션변경(한마리)),"
맛
★
5
양
★
5
배달
★
5
",5.0
247,다리만 시켜봤는데 부자가 된거같네요 ㅎㅎ 잘먹엇어용,★★★★★,갈릭반＋핫양념반/1(옵션변경(스틱（다리）)),"
맛
★
5
양
★
5
배달
★
5
",4.6
248,또래오래 오랜만인데 넘 맛있어요,★★★★★,갈릭반＋핫양념반/1(옵션변경(콤보（날개＋다리）)),"
맛
★
5
양
★
5
배달
★
5
",4.77
249,비오는날인데 배달이 이리 일찍올수있는건가요ㅎ맛도 맛있게 먹고 좋습니다꾸준히 시키는 단골집이예요ㅎ,★★★★★,후라이드반＋양념반/1(옵션변경(윙봉（날개）)),"
맛
★
5
양
★
4
배달
★
5
",4.8
250,미래의 나에게순살은 또래오래,★★★★★,"두마리 순살/1(두마리 치킨1 선택 택 1(후라이드),두마리 치킨2 선택 택 1(양념))","
맛
★
5
양
★
5
배달
★
5
",2.4
251,시킬때 마다 만족합니다미니핫도그도 나름 괜찮네요,★★★★★,단짠치킨 순살/1(사이드 추가(미니핫도그)),"
맛
★
5
양
★
5
배달
★
5
",4.4
252,이것맛 먹어요 최곱니다,★★★★★,갈릭반＋핫양념반/1(옵션변경(한마리)),"
맛
★
5
양
★
5
배달
★
5
",5.0
253,맛있게 잘 먹었어요,★★★★★,오곡 후라이드 치킨/1(부위선택 택 1(한마리)),"
맛
★
5
양
★
5
배달
★
5
",4.8
254,배달이 시작되었다는 알림에 기다리고있다가 뭔가 이상해서 나가보니 삼십분전에 도착해있는 ㅠㅠ 문자알림을 체크못한 제잘못이에요 다른분들은 배달시간알림 먼저 믿지마시고 문자알림 무음 바로 벨소리로 크기 켜놓으시길 부디 여러분들은 따뜻하게 드셔요  맛은 너무 맛있어요 증맬루 또 시킬때는 제가 문자함만 보고있을겁니다,★★★★★,후라이드반＋양념반/1(옵션변경(한마리)),"
맛
★
5
양
★
5
배달
★
5
",1.21
255,잘 먹었습니다,★★★★★,"두마리 순살/1(두마리 치킨1 선택 택 1(후라이드),두마리 치킨2 선택 택 1(갈릭))","
맛
★
5
양
★
5
배달
★
5
",5.0
256,맛있게 잘먹었습니다,★★★★★,오곡 후라이드 치킨/1(부위선택 택 1(한마리)),"
맛
★
5
양
★
5
배달
★
5
",5.0
257,늘 맛있게 먹습니다  빠른배달과 맛있는 치킨은 말안해도 아시죠 ㅎㅎㅎ,★★★★★,후라이드반＋핫양념반/1(옵션변경(윙봉（날개）)),"
맛
★
5
양
★
5
배달
★
5
",4.79
258,역시 또래오래 떡마저 맛있어요,★★★★★,단짠치킨 스틱/1,"
맛
★
5
양
★
5
배달
★
5
",4.8
259,윙봉 넘흐 맛있게잘먹었습니다,★★★★★,맵부심후라이드 윙봉/1,"
맛
★
5
양
★
5
배달
★
5
",4.6
260,처음 시켜봤는데 적당히 맵고 맛있었어욥 떡도 맛이쏘요,★★★★★,고추단짠치킨/1,"
맛
★
5
양
★
5
배달
★
5
",3.42
261,갈릭은 아이들이 핫은 어른들이 같이 먹기 좋아요 서비스 헤시브라운도 맛있게 잘 먹었어요 ,★★★★★,갈릭반＋핫양념반/1(옵션변경(순살（다리살）)),"
맛
★
5
양
★
5
배달
★
5
",4.8
262,앤젤치킨 처음 먹어봤는데 정말 맛있어요양파도 양 많고 소스도 아주 맛있네요,★★★★★,엔젤치킨/1(부위선택 택 1(한마리)),"
맛
★
5
양
★
5
배달
★
5
",4.8
263,깜빡하고 사진을 못찍어서 예전에먹은 후라이드사진으로 올립니다여기는 믿고 먹는곳이라 안심하고 맛있게 먹었습니다배달기사님도 빨리 와주셔서 좋았어요,★★★★★,오곡 양념 치킨/1(부위선택 택 1(한마리)),"
맛
★
5
양
★
5
배달
★
5
",5.0
264,넘 맛나게 잘 먹었습니다 ,★★★★★,후라이드반＋양념반/1(옵션변경(순살（다리살）)),"
맛
★
5
양
★
5
배달
★
5
",5.0
265,양념치킨은 또래오래가 맛잇어요,★★★★★,오곡 양념 치킨/1(부위선택 택 1(한마리)),"
맛
★
5
양
★
5
배달
★
5
",4.23
266,또래오래 사랑해,★★★★★,오곡 후라이드 치킨/1(부위선택 택 1(콤보（날개＋다리）)),"
맛
★
5
양
★
5
배달
★
5
",5.0
267,맛있게 잘 먹었어요,★★★★★,후라이드반＋양념반/1(옵션변경(콤보（날개＋다리）)),"
맛
★
5
양
★
5
배달
★
5
",4.8
268,잘먹었습니다,★★★★★,"두마리 순살/1(두마리 치킨1 선택 택 1(후라이드),두마리 치킨2 선택 택 1(양념))","
맛
★
5
양
★
5
배달
★
5
",5.0
269,맛있게 잘먹었으요,★★★★★,갈릭반＋핫양념반/1(옵션변경(순살（다리살）)),"
맛
★
5
양
★
5
배달
★
5
",5.0
270,배달 빠르고 맛있게 잘 먹었습니다,★★★★★,맵부심후라이드/1,"
맛
★
5
양
★
5
배달
★
5
",4.4
271,아주 맛있게 잘 먹었습니다,★★★★★,단짠치킨 콤보/1,"
맛
★
5
양
★
5
배달
★
5
",4.8
272,양도 많고 진짜 맛있어용  추천,★★★★★,콘듀치킨 순살/1,"
맛
★
5
양
★
5
배달
★
5
",5.0
273,맛있게 잘먹었습니다,★★★★★,단짠치킨 순살/1,"
맛
★
5
양
★
5
배달
★
5
",5.0
274,맛있게 잘먹었습니다,★★★★★,단짠치킨 순살/1,"
맛
★
5
양
★
5
배달
★
5
",5.0
275,맛있게 잘 먹었어요,★★★★★,갈릭반＋핫양념반/1(옵션변경(한마리)),"
맛
★
5
양
★
4
배달
★
5
",4.8
276,갈릭은 그냥여기서드세요,★★★★★,갈릭반＋핫양념반/1(옵션변경(한마리)),"
맛
★
5
양
★
5
배달
★
5
",3.18
277,배달도 빠르고 맛있네요,★★★★★,코코순살 치킨/1,"
맛
★
5
양
★
5
배달
★
5
",4.8
278,핫양념 진짜 맛있게 맵네요 재구매 의사 백퍼입니다 배달은 정말분 꽉채워왔지만 비도오고 요즘 이렇게 착한배달비도 흔치않으니 괜찮았어요 뭣보다 김말이도 치킨도 대박맛있었어요,★★★★★,갈릭반＋핫양념반/1(옵션변경(콤보（날개＋다리）)),"
맛
★
5
양
★
5
배달
★
3
",4.01
279,감사히 잘먹엇급니다 단짠 진짜 달고 짜고 밥도둑인듯ㅋㅋㅋㅋ맛잇엇서요,★★★★★,단짠치킨 순살/1,"
맛
★
5
양
★
5
배달
★
5
",4.8
280,맛도 맛있고 양도 많고  배달이 엄청 빠르네요  맛있게 잘 먹었습니다,★★★★★,단짠치킨 순살/1,"
맛
★
5
양
★
5
배달
★
5
",4.8
281,오늘 단짠 후라이드 양념 핫양념 갈릭 다 시켜서 먹어봤는데 저는 단짠과 갈릭이 제일 맛있었어요  따뜻하게 맛있게 잘먹었습니당,★★★★★,단짠치킨/1,"
맛
★
5
양
★
5
배달
★
5
",4.8
282,너무 맛있어용 ㅠㅠㅠㅠ해시브라운도 맛있네요,★★★★★,양념반＋갈릭반/1(옵션변경(한마리)),"
맛
★
5
양
★
5
배달
★
5
",4.8
283,배달도 항상 빠르구 언제나 맛있어요 ,★★★★★,후라이드반＋양념반/1(옵션변경(순살（다리살）)),"
맛
★
5
양
★
5
배달
★
5
",4.81
284,조금 일찍시켜서인지 빨리왔고 맛있게 먹었습니다,★★★★★,갈릭반＋핫양념반/1(옵션변경(순살（다리살）)),"
맛
★
5
양
★
5
배달
★
5
",5.0
285,바삭하고 예상 시간보다도 일찍 도착했어요 바삭한거 좋아하는데 완전 바삭바삭해서 좋아요 맛있어요,★★★★★,오곡 후라이드 치킨/1(부위선택 택 1(한마리)),"
맛
★
5
양
★
5
배달
★
5
",5.0
286,오늘도맛있게잘먹었습니다사진은 찍는걸 깜빡해서 조각먹고 찍었네요 ㅜㅜ,★★★★★,고추단짠치킨/1,"
맛
★
5
양
★
5
배달
★
5
",5.0
287,항상 맛있습니다 서비스도 감사합니다,★★★★★,갈릭반＋핫양념반/1(옵션변경(한마리)),"
맛
★
5
양
★
5
배달
★
5
",5.0
288,항상 넘 맛있네요,★★★★★,콘듀치킨/1,"
맛
★
5
양
★
5
배달
★
5
",4.8
289,항상 맛있습니다 서비스로 주신 떡사리도 잘 먹을게요,★★★★★,후라이드반＋양념반/1(옵션변경(한마리)),"
맛
★
5
양
★
5
배달
★
5
",4.8
290,매콤한 후라이드 너무 맛있어요닭도 야들야들하고 핫하니 덜느끼하고 좋았어요완전 추천합니다,★★★★★,맵부심후라이드/1,"
맛
★
5
양
★
5
배달
★
5
",4.79
291,항상 맛있게 잘 먹고 있어요,★★★★★,"오곡 후라이드 치킨/1(부위선택 택 1(한마리)),핫양념소스/1","
맛
★
5
양
★
5
배달
★
5
",4.8
292,또래오래 독산가산점꺼를 먹어야 치킨 먹고픈 마음이 해소가 됩니다다른 곳 시켰다가 또래오래 먹고싶은 마음이 더 커졌네옇ㅎㅎ이제 시킬 수 있는 날이 별로 안남아서 슬퍼요 슬픈 마음을 달래러 갈반핫반 주문하러 갑니당 총총,★★★★★,갈릭반＋핫양념반/1(옵션변경(한마리)),"
맛
★
5
양
★
5
배달
★
5
",2.0
293,맛있었는데 닭이 작아진 기분,★★★★★,오곡 갈릭플러스 치킨/1(부위선택 택 1(한마리)),"
맛
★
5
양
★
5
배달
★
5
",2.27
294,간만에 생각나서 시켰는데 배달도 생각보다 빨리오고 맛있게 잘먹었습니다,★★★★★,단짠치킨 순살/1,"
맛
★
5
양
★
5
배달
★
5
",4.6
295,맛있게 잘 먹었어요,★★★★★,오곡 갈릭플러스 치킨/1(부위선택 택 1(순살（다리살）)),"
맛
★
5
양
★
5
배달
★
5
",4.8
296,오늘도 맛있게 잘 먹었습니다 서비스로 주신 해쉬브라운과 콜라도 정말 맛있게 잘 먹었습니다ㅎㅎ 항상 빠른 배달과 최고의 맛을 보여주셔서 감사합니다 사장님,★★★★★,"두마리 순살/1(두마리 치킨1 선택 택 1(후라이드),두마리 치킨2 선택 택 1(후라이드)),생맥주 1000cc/2","
맛
★
5
양
★
5
배달
★
5
",5.0
297,비비큐보다 맛있어요 근데 너무 비싸ㅠㅜ,★★★★★,스모키양념 스틱/1,"
맛
★
5
양
★
5
배달
★
5
",2.67
298,항상 맛있게 잘 먹고 있습니다,★★★★★,스모키양념 순살/1,"
맛
★
5
양
★
5
배달
★
5
",4.8
299,원래 또래오래 치킨은 잘 안 먹었었는데 여기 이사오고 처음 주문해보곤 종종 먹게 됩니다 자부심 있게 운영하실 만 한 것 같습니다,★★★★★,단짠치킨 순살/1,"
맛
★
5
양
★
5
배달
★
5
",3.2
300,양념은 보다맛잇네요 옛날 호프집 양념치킨먹는 구수한 맛이엿음 바삭하고 굿굿,★★★★★,후라이드반＋양념반/1(옵션변경(한마리)),"
맛
★
5
양
★
5
배달
★
5
",4.59
301,오늘도 넘 맛있게 먹었습니다,★★★★★,양념반＋갈릭반/1(옵션변경(순살（다리살）)),"
맛
★
5
양
★
5
배달
★
5
",4.6
302,맛있게 잘 먹었어요,★★★★★,"두마리 순살/1(두마리 치킨1 선택 택 1(갈릭),두마리 치킨2 선택 택 1(핫양념))","
맛
★
5
양
★
5
배달
★
5
",4.8
303,맛있게 잘먹었습니다,★★★★★,맵부심후라이드/1,"
맛
★
5
양
★
5
배달
★
5
",5.0
304,배달 너무빨라서 놀랐어요 따뜻하게 맛있게 잘먹었어요,★★★★★,후라이드반＋핫양념반/1(옵션변경(한마리)),"
맛
★
5
양
★
5
배달
★
5
",5.0
305,물가가 많이올라 치킨을 자주 먹진 못해도치킨을 먹는날은 또래오래오늘도 잘 먹었습니다,★★★★★,단짠치킨/1,"
맛
★
5
양
★
5
배달
★
5
",4.59
306,잘 먹었습니다,★★★★★,오곡 양념 치킨/1(부위선택 택 1(한마리)),"
맛
★
5
양
★
5
배달
★
5
",5.0
307,저번에 주문했을때 반반주문했는데 양념이 너무 매워서 왜 양념맛이 변했나 생각했더니 갈릭반양념반을 해야하는데갈릭반핫양념반으로 잘못주문했더라구요 오늘은 갈릭반 양념반으로 제대로 주문했네요가장 상위에 추천으로 뜨는건 갈릭반 핫 양념반이니까갈릭반 양념반으로 주문하실분은 스크롤은 아래로 내려반반메뉴까지 가셔야해요갈릭반 양념반 좋아요,★★★★★,양념반＋갈릭반/1(옵션변경(한마리)),"
맛
★
5
양
★
5
배달
★
5
",2.02
308,늘 맛있게 먹습니다,★★★★★,후라이드반＋양념반/1(옵션변경(한마리)),"
맛
★
5
양
★
5
배달
★
5
",4.79
309,완전 맛있고 따끈따끈 했어요,★★★★★,갈릭반핫양념반＋리얼치즈볼/1,"
맛
★
5
양
★
5
배달
★
5
",5.0
310,마시러ㅛ마싴서요마싴서요,★★★★★,양념반＋갈릭반/1(옵션변경(한마리)),"
맛
★
5
양
★
5
배달
★
5
",3.4
311,배달도 빠르고 너무 맛있게 먹었습니다,★★★★★,갈릭반＋핫양념반/1(옵션변경(한마리)),"
맛
★
5
양
★
5
배달
★
5
",5.0
312,겉은 바삭바삭 속은 부드러운 촉촉한 거 같아요 배달도 빠르고 좋아요 다음에 또 주문할게요 ,★★★★★,오곡 후라이드 치킨/1(부위선택 택 1(순살（다리살）)),"
맛
★
5
양
★
5
배달
★
5
",5.0
313,행사기간이라 오래걸렸지만 따뜻하게 왔어요 잘먹었네요,★★★★★,후라이드반＋핫양념반/1(옵션변경(윙봉（날개）)),"
맛
★
5
양
★
5
배달
★
5
",4.8
314,매운맛 적당 간장짭짤하기 적당 맛있습니다,★★★★★,갈릭반＋핫양념반/1(옵션변경(한마리)),"
맛
★
5
양
★
5
배달
★
5
",4.59
315, 치킨만 먹다 후기가 좋아 시켜보았는데 너무 바삭하고 바로 배송해주셨나봐요 포장해오는것보다 더 따뜻하네요 감사히 잘 먹고있습니다 사진은 먹다 놀라서 찍은 사진입니다,★★★★★,오곡 후라이드 치킨/1(부위선택 택 1(한마리)),"
맛
★
5
양
★
5
배달
★
5
",5.0
316,역시 단짠윙봉 대존맛입니다,★★★★★,단짠치킨 윙봉/1,"
맛
★
5
양
★
5
배달
★
5
",5.0
317,오랜만에 시켜먹었는데도 맛잇네용걔륑,★★★★★,"두마리 순살/1(두마리 치킨1 선택 택 1(후라이드),두마리 치킨2 선택 택 1(양념))","
맛
★
5
양
★
5
배달
★
5
",4.38
318,맛있게 잘 먹었습니다,★★★★★,후라이드반＋양념반/1(옵션변경(한마리)),"
맛
★
5
양
★
5
배달
★
5
",4.8
319,한결같이 맛있습니다 배달이 빠르면 좋겠어요,★★★★★,오곡 후라이드 치킨/1(부위선택 택 1(스틱（다리）)),"
맛
★
5
양
★
5
배달
★
5
",4.8
320,맛있게 잘 먹었습니다,★★★★★,오곡 갈릭플러스 치킨/1(부위선택 택 1(한마리)),"
맛
★
5
양
★
5
배달
★
5
",4.8
321,맛은 괜찬은데 배달은 별루였습니다요청사항 에 뻔히  문자 남기라는것  안읽나봐요도데체 구주소 신주소 타령하면서저한테 왜전화 합니까 모르면 맵어플 도 많고  그것도 못하겠으면 배달 하지 말아야죠 점 다할려다가 날도 더운데 그냥 배달만 점 합니다도대체 왜 전화질을 하는지  도무지 이해가 안가네요,★★★★,"단짠치킨 스틱/1(사이드 추가(김말이튀김),소스추가(허니머스타드소스)),콜라 1.25L/1,생맥주 1000cc/1","
맛
★
4
양
★
4
배달
★
1
",1.0
322,항상 맛있게 먹고있어요,★★★★★,양념반＋갈릭반/1(옵션변경(한마리)),"
맛
★
5
양
★
5
배달
★
5
",4.8
323,역시 또래오래에요이번에 튀김류는 처음 먹어보는데 분식점보다 더 맛나네요 ,★★★★★,"마왕치킨/1(부위선택 택 1(스틱（다리）),사이드 추가(포테이토치즈볼),소스추가(콘듀디핑소스))","
맛
★
5
양
★
5
배달
★
5
",2.6
324,짱짱 맛나요단짠류 치킨 중에는 제일 입맛에 맞기도 하구떡도 보들보들 해서 딱 좋아욤번창하세요,★★★★★,단짠치킨 콤보/1,"
맛
★
5
양
★
5
배달
★
5
",5.0
325,맛있게 잘 먹었습니다식후감,★★★★★,"두마리 치킨/1(두마리 치킨1 선택 택 1(후라이드),두마리 치킨2 선택 택 1(갈릭))","
맛
★
5
양
★
5
배달
★
5
",4.6
326,치킨이 아주 좋음 맛남,★★★★★,"후라이드반＋갈릭반/1(옵션변경(한마리),음료 택 1(콜라 355mL 추가))","
맛
★
5
양
★
5
배달
★
5
",5.0
327,금욜밤이라 배달은 시간 넘게 걸렸어요 글두 차갑게 오진 않아서 잘 먹었네요 후기 보고 주문한건데 후기대로 맛있었어요,★★★★★,"후라이드반＋양념반/1(옵션변경(한마리),사이드 추가(바삭한근위튀김)),생맥주 1000cc/1","
맛
★
5
양
★
5
배달
★
5
",4.39
328,명불허전 믿고 먹는 맛입니다,★★★★★,갈릭반＋핫양념반/1(옵션변경(한마리)),"
맛
★
5
양
★
5
배달
★
5
",4.6
329,바삭바삭고소하게 잘 튀겼어요,★★★★★,"오곡 후라이드 치킨/1(부위선택 택 1(스틱（다리）)),콜라 245mL/1","
맛
★
5
양
★
5
배달
★
5
",5.0
330,역시나 넘나 맛있어영 짱짱,★★★★★,후라이드반＋양념반/1(옵션변경(한마리)),"
맛
★
5
양
★
5
배달
★
5
",5.0
331,수준이 전문가 수준입니다,★★★★★,오곡 갈릭플러스 치킨/1(부위선택 택 1(한마리)),"
맛
★
5
양
★
5
배달
★
5
",4.2
332,감자튀김도 원하던 식감이고 치킨도 바삭해요 서비스 잘 먹을게요,★★★★★,콘듀치킨 순살/1,"
맛
★
5
양
★
5
배달
★
5
",4.02
333,역시 전국 최고 매장이네요 언제나 좋아요,★★★★★,"치킨＋바삭한근위튀김/1(치킨 선택 택 1(후반양반),세트 부위선택 택 1(한마리))","
맛
★
5
양
★
5
배달
★
5
",5.0
334,맛좋고 뜨거울때 배달왔슴다,★★★★★,고추단짠치킨 순살/1,"
맛
★
5
양
★
5
배달
★
5
",4.8
335,믿고 먹는 집입니다 행사기간에도 변함없으셔서 더 좋습니다,★★★★★,오곡 후라이드 치킨/1(부위선택 택 1(스틱（다리）)),"
맛
★
5
양
★
5
배달
★
5
",5.0
336,짭조름하게 맛나게 먹었어요배달도 빠르고 양도 많아서 든든하고 맛있게 먹었습니다,★★★★★,오곡 갈릭플러스 치킨/1(부위선택 택 1(한마리)),"
맛
★
5
양
★
5
배달
★
5
",4.39
337,맛있게 먹었습니다,★★★★★,오곡 파닭 치킨/1(부위선택 택 1(한마리)),"
맛
★
5
양
★
5
배달
★
5
",4.59
338,오 양 맛 서비스 대만족이예요 굿굿,★★★★★,후라이드반＋양념반/1(옵션변경(한마리)),"
맛
★
5
양
★
5
배달
★
5
",4.8
339,진짜 맛있게 먹었습니다,★★★★★,스모키양념 스틱/1(사이드 추가(해쉬브라운（8EA）)),"
맛
★
5
양
★
5
배달
★
5
",4.6
340,맛있게 잘 먹었슴니다,★★★★★,고추단짠치킨/1,"
맛
★
5
양
★
5
배달
★
5
",5.0
341,갈반핫반 올만에 먹었는데 역시 존맛탱이네요맵찔이라 핫양념은 너무 매운데 그래도 정말 맛있네요ㅋㅋ 씁하 씁하 거리면서 다 먹고얼음물고서 리뷰씁니다ㅋ예상시간보다 빨리오고 항상 맛있어요,★★★★★,갈릭반＋핫양념반/1(옵션변경(한마리)),"
맛
★
5
양
★
5
배달
★
5
",5.0
342,늘 맛있는 치킨 감사해요 국물떡복이도 맛있네요,★★★★★,"양념반＋갈릭반/1(옵션변경(한마리),사이드 추가(국물떡볶이 매운맛))","
맛
★
5
양
★
5
배달
★
5
",4.81
343,예상시간보다 배달이 엄청 빨랐어요,★★★★★,후라이드반＋핫양념반/1(옵션변경(한마리)),"
맛
★
5
양
★
5
배달
★
5
",3.89
344,치킨잘치는집 그런데  다리살은 아닌건가용 두마리순살은,★★★★★,"두마리 순살/1(두마리 치킨1 선택 택 1(후라이드),두마리 치킨2 선택 택 1(갈릭))","
맛
★
5
양
★
5
배달
★
5
",2.39
345,콘듀는 진짜 언제 먹어도 맛있어요떡볶이도 오랜만에 시켰는데 서비스 해시브라운까지 찍어먹으면 존맛오늘도 맛있게 먹었습니다,★★★★★,콘듀치킨/1(사이드 추가(국물떡볶이 매운맛)),"
맛
★
5
양
★
5
배달
★
5
",5.0
346,늘 믿고 먹습니다,★★★★★,후라이드반＋양념반/1(옵션변경(순살（다리살）)),"
맛
★
5
양
★
5
배달
★
5
",4.6
347,배달도 빨리오고 좋아요맛있어요,★★★★,오곡 양념 치킨/1(부위선택 택 1(한마리)),"
맛
★
4
양
★
4
배달
★
4
",4.81
348,할인기간이라 좀 오래걸리지만 인근 치킨집중에 이집이 제일 낫네요,★★★★★,고추단짠치킨 순살/1,"
맛
★
5
양
★
5
배달
★
5
",2.77
349,치킨 뭐 당연히 맛있고 양파도 엄청많이주시고 핫도그 완전 쫄깃쫄깃 너무너무 맛있어요,★★★★★,"치킨＋미니핫도그/1(치킨 선택 택 1(엔젤치킨),세트 부위선택 택 1(순살（다리살）),소스추가(화이트크림소스,맵부심만렙소스))","
맛
★
5
양
★
5
배달
★
5
",5.0
350,맛있어요 딱 정당히 맵고,★★★★★,오곡 핫양념 치킨/1(부위선택 택 1(한마리)),"
맛
★
5
양
★
5
배달
★
5
",5.0
351,맛있게 잘 먹었습니다,★★★★★,오곡 양념 치킨/1(부위선택 택 1(한마리)),"
맛
★
5
양
★
5
배달
★
5
",4.8
352,존맛탱입니단 또래오래,★★★★★,오곡 후라이드 치킨/1(부위선택 택 1(콤보（날개＋다리）)),"
맛
★
5
양
★
5
배달
★
5
",4.6
353,배달도 빨랐고 맛있습니가,★★★★★,갈릭반＋핫양념반/1(옵션변경(한마리)),"
맛
★
5
양
★
5
배달
★
5
",5.0
354,항상 맛있게 잘먹고있습니다,★★★★★,오곡 후라이드 치킨/1(부위선택 택 1(한마리)),"
맛
★
5
양
★
5
배달
★
5
",4.81
355,먹다가 중간에 찍어서 사진을 제대로 못찍었네요 ㅠㅠ늘 맛있게 잘 먹었습니다,★★★★★,갈릭반＋핫양념반/1(옵션변경(순살（다리살）)),"
맛
★
5
양
★
5
배달
★
5
",4.6
356,정말 맛있게 잘 먹었어요 고맙습니다,★★★★★,"치킨＋로제떡볶이 매운맛/1(치킨 선택 택 1(갈반핫반),세트 부위선택 택 1(순살（다리살）),사이드 추가(해쉬브라운（8EA）))","
맛
★
5
양
★
5
배달
★
5
",5.0
357,처음 먹어봤는데 너무 맛있었어요다음에도 시켜 먹을게요,★★★★★,단짠치킨 윙봉/1,"
맛
★
5
양
★
5
배달
★
5
",5.0
358,퀄리티 좋고 따뜻하게와서 맛있게 먹었습니다,★★★★★,"두마리 치킨/1(두마리 치킨1 선택 택 1(후라이드),두마리 치킨2 선택 택 1(핫양념))","
맛
★
5
양
★
5
배달
★
5
",4.8
359,맛있게 잘먹었습니다,★★★★★,갈릭반＋핫양념반/1(옵션변경(한마리)),"
맛
★
5
양
★
5
배달
★
5
",5.0
360,양 많구 양념 넘 맛있었어용 리뷰이벤트 감사해요,★★★★,"후라이드반＋양념반/1(옵션변경(한마리)),콘듀맛소떡/1","
맛
★
5
양
★
4
배달
★
3
",5.0
361,이벤트라서 배달은 조금늦었지만 맛있었습니다,★★★★★,후라이드반＋양념반/1(옵션변경(한마리)),"
맛
★
5
양
★
5
배달
★
5
",3.97
362,치킨은 언제나 먹어도 만족,★★★★★,고추단짠치킨 스틱/1(음료 택 1(콜라 1.25L 추가)),"
맛
★
5
양
★
5
배달
★
5
",4.57
363,식후감맛나요최고,★★★★★,갈릭반＋핫양념반/1(옵션변경(스틱（다리）)),"
맛
★
5
양
★
5
배달
★
5
",5.0
364,배달도 빠르고 맛있어요,★★★★★,고추단짠치킨 순살/1,"
맛
★
5
양
★
5
배달
★
5
",4.61
365,어제 중복 기념으로 먹었습니다할인도 받고 저렴한 가격에 맛있게 먹었네요,★★★★★,갈릭반＋핫양념반/1(옵션변경(순살（다리살）)),"
맛
★
5
양
★
5
배달
★
5
",4.61
366,맛있게 잘먹었어요 ,★★★★★,오곡 갈릭플러스 치킨/1(부위선택 택 1(한마리)),"
맛
★
5
양
★
5
배달
★
5
",5.0
367,맛있게 잘 먹었습니다,★★★★★,오곡 후라이드 치킨/1(부위선택 택 1(한마리)),"
맛
★
5
양
★
5
배달
★
5
",4.8
368,빠르고 맛있어요진짜 다리살로만 되어 있어서 부드러웠습니다,★★★★★,후라이드반＋갈릭반/1(옵션변경(순살（다리살）)),"
맛
★
5
양
★
5
배달
★
5
",4.6
369,굉장히 맛있습니다,★★★★★,갈릭반＋핫양념반/1(옵션변경(순살（다리살）)),"
맛
★
5
양
★
5
배달
★
5
",4.8
370,복날이라 바쁘실텐데 배달도 예상시간보다빨리오고 치킨도 뜨겁고 맛있게 잘 먹었습니다감사합니다,★★★★★,스모키양념 순살/1,"
맛
★
5
양
★
5
배달
★
5
",4.61
371,치킨을 굉장히 오랜만에 먹는데 역시 또래오래 반반은 실패가 없네요다른것도 먹어보고 싶었지만 그래도 치킨은 양념반 후라이드 반이지 하고 시킨게 정답이었습니다잘먹었습니다,★★★★★,후라이드반＋양념반/1(옵션변경(한마리)),"
맛
★
5
양
★
5
배달
★
5
",3.6
372,맛있게 잘 먹었습니다 또 주문할게요,★★★★★,양념반＋핫양념반/1(옵션변경(순살（다리살）)),"
맛
★
5
양
★
5
배달
★
5
",4.8
373,맛있게 잘먹었습니다,★★★★★,단짠치킨/1,"
맛
★
5
양
★
5
배달
★
5
",5.0
374,너무 잘먹었어요 맛있어요,★★★★★,후라이드반＋양념반/1(옵션변경(한마리)),"
맛
★
5
양
★
5
배달
★
5
",5.0
375,맛있게 먹었어용,★★★★★,후라이드반＋핫양념반/1(옵션변경(한마리)),"
맛
★
5
양
★
5
배달
★
5
",4.6
376,이벤트로 저렴하게 맛있게 잘 먹었어요배달도 빠르고 치킨도 완전 뜨끈하게 도착서비스로 주신 콜라로 완전 시원하고 맛있게 먹었습니다,★★★★★,후라이드반＋양념반/1(옵션변경(한마리)),"
맛
★
5
양
★
5
배달
★
5
",4.8
377,어젠 유독 더맛있었어요잘먹었습니다,★★★★★,후라이드반＋양념반/1(옵션변경(한마리)),"
맛
★
5
양
★
5
배달
★
5
",5.0
378,갈반핫반 최고에요 떡사리 서비스 감사합니다,★★★★★,갈릭반＋핫양념반/1(옵션변경(스틱（다리）)),"
맛
★
5
양
★
5
배달
★
5
",5.0
379,마감 전에주문했는데도 배달도빨리도착하고 감사합니다 늘잘먹고잇어요,★★★★★,콘듀치킨/1,"
맛
★
5
양
★
5
배달
★
5
",5.0
380,항상 빠르고 맛있습니다,★★★★★,갈릭반＋핫양념반/1(옵션변경(순살（다리살）)),"
맛
★
5
양
★
5
배달
★
5
",4.82
381,맛있게 잘 먹었습니다,★★★★★,단짠치킨 윙봉/1(소스추가(핫양념소스)),"
맛
★
5
양
★
5
배달
★
5
",4.8
382,꺄 맛있게 먹었어요 뜨겁고 닭이 신선해요 넘 맛있어요,★★★★★,맵부심후라이드/1,"
맛
★
5
양
★
5
배달
★
5
",5.0
383,맛있게 잘 먹었습니다식후감,★★★★★,후라이드반＋양념반/1(옵션변경(한마리)),"
맛
★
5
양
★
5
배달
★
5
",4.6
384,맛좋아요 다음에 또 주문할게요,★★★★★,양념반＋갈릭반/1(옵션변경(한마리)),"
맛
★
5
양
★
5
배달
★
5
",4.81
385,배달도 빠르고 양도 많아서 맛있게 먹었습니당서비스로 주신 해쉬브라운도 감사합니당,★★★★★,양념반＋갈릭반/1(옵션변경(한마리)),"
맛
★
5
양
★
5
배달
★
5
",5.0
386,맛 서비스 모두 만족합니다 배달도 친절했구요,★★★★★,고추단짠치킨 순살/1,"
맛
★
5
양
★
5
배달
★
5
",4.79
387,맛있어요,★★★★★,갈릭반＋핫양념반/1(옵션변경(한마리)),"
맛
★
5
양
★
5
배달
★
5
",5.0
388,맛있게 잘먹었습니다 ㅎㅎ,★★★★★,후라이드반＋양념반/1(옵션변경(한마리)),"
맛
★
5
양
★
5
배달
★
5
",5.0
389,오늘도 맛있게 잘 먹었습니다서비스로 주신 김말이도 맛있게 잘 먹었습니다 사장님,★★★★★,"오곡 후라이드 치킨/1(부위선택 택 1(순살（다리살）)),생맥주 1000cc/2,참이슬/1","
맛
★
5
양
★
5
배달
★
5
",5.0
390,진리의 갈릭반핫양념반,★★★★★,갈릭반＋핫양념반/1(옵션변경(한마리)),"
맛
★
5
양
★
5
배달
★
5
",4.2
391,맛있습니다 번창하세요,★★★★★,후라이드반＋핫양념반/1(옵션변경(한마리)),"
맛
★
5
양
★
5
배달
★
5
",4.6
392,항상 빠른 배달과 맛잘 먹고있어요실수로 머스타드 주문 빼먹은것도 잘 응대 해주셔서 감사합니다비오는데 운행 조심하셔요,★★★★★,"두마리 치킨/1(두마리 치킨1 선택 택 1(갈릭),두마리 치킨2 선택 택 1(핫양념))","
맛
★
5
양
★
5
배달
★
5
",5.0
393,맛있어여 자주시켜먹고 있어요,★★★★★,갈릭반＋핫양념반/1(옵션변경(순살（다리살）)),"
맛
★
5
양
★
5
배달
★
5
",4.8
394,치킨 고정픽 또래오래,★★★★★,갈릭반＋핫양념반/1(옵션변경(한마리)),"
맛
★
5
양
★
5
배달
★
5
",4.25
395,고소하고 맛있어요 배달도 빠르네요,★★★★★,후라이드반＋양념반/1(옵션변경(한마리)),"
맛
★
5
양
★
5
배달
★
5
",4.8
396,잘 먹었슴니다,★★★★★,핫뿌레이크/1,"
맛
★
5
양
★
5
배달
★
5
",5.0
397,항상 맛있게 잘 먹고 있습니다,★★★★★,갈릭반＋핫양념반/1(옵션변경(한마리)),"
맛
★
5
양
★
5
배달
★
5
",4.8
398,맛있어요 ㅎㅎㅎㅎㅎ,★★★★★,단짠치킨/1,"
맛
★
5
양
★
5
배달
★
5
",4.79
399,맛나게 잘먹었습니다 배달도빨랐어요,★★★★★,후라이드반＋양념반/1(옵션변경(한마리)),"
맛
★
5
양
★
5
배달
★
5
",5.0
400,맛있게 잘 먹았습니다,★★★★★,핫뿌레이크/1,"
맛
★
5
양
★
5
배달
★
5
",4.6
401,후반양반 클래식이죠맛있습니다,★★★★★,후라이드반＋양념반/1(옵션변경(스틱（다리）)),"
맛
★
5
양
★
5
배달
★
5
",3.4
402,맛 양 둘 다 너무 좋았습니다 ㅎㅎㅎ,★★★★★,후라이드반＋양념반/1(옵션변경(한마리)),"
맛
★
5
양
★
5
배달
★
5
",4.8
403,첫맛이 신기하네요 신메뉴라 궁금해서 먹어봤는데 오묘한 맛이예요 근데 닭이 신선하고 튀김이 잘튀겨져서 맛있네요 ㅎㅎ,★★★★★,핫뿌레이크/1,"
맛
★
5
양
★
5
배달
★
5
",2.23
404,배달도 맛도 양도 나무랄 데가 없습니다,★★★★★,오곡 후라이드 치킨/1(부위선택 택 1(한마리)),"
맛
★
5
양
★
5
배달
★
5
",5.0
405,너무 맛있고 배달도 빨리와서 잘 먹었습니다자주 주문할게요,★★★★★,후라이드반＋양념반/1(옵션변경(한마리)),"
맛
★
5
양
★
5
배달
★
5
",4.81
406,맛있게 잘 먹었어요,★★★★★,갈릭반＋핫양념반/1(옵션변경(한마리)),"
맛
★
5
양
★
5
배달
★
5
",4.8
407,갈릭치킨 넘 맛있어요,★★★★★,오곡 갈릭플러스 치킨/1(부위선택 택 1(윙봉（날개）)),"
맛
★
5
양
★
5
배달
★
5
",4.8
408,항상 맛나게 먹고 있어요아이들도 갈릭을 어른들은 핫으로  반반씩 먹기 너무 좋아요ㅎ허겁지겁 먹느라 리뷰사진을 늦게 찍었네요,★★★★★,갈릭반＋핫양념반/1(옵션변경(순살（다리살）)),"
맛
★
5
양
★
5
배달
★
5
",4.59
409,항상 감사합니다 맛있어요,★★★★★,오곡 후라이드 치킨/1(부위선택 택 1(한마리)),"
맛
★
5
양
★
5
배달
★
5
",5.0
410,너무 맛잇어서 사진찍기전에 다 먹어버렸어요 ㅠㅠ 넘 맛나요 또래오래중에 여기가 최공,★★★★★,후라이드반＋양념반/1(옵션변경(한마리)),"
맛
★
5
양
★
5
배달
★
5
",5.0
411,맛있게 잘먹었습니다,★★★★★,콘듀치킨 순살/1,"
맛
★
5
양
★
5
배달
★
5
",5.0
412,맛의 지존 치킨의 지존입니다,★★★★★,갈릭반＋핫양념반/1(옵션변경(한마리)),"
맛
★
5
양
★
5
배달
★
5
",4.58
413,바삭하고 너무 맛있게 잘 먹었어요여기  먹다보면 다른 치킨못 시킨답니다,★★★★★,"두마리 치킨/1(두마리 치킨1 선택 택 1(후라이드),두마리 치킨2 선택 택 1(후라이드),소스추가(양념소스))","
맛
★
5
양
★
5
배달
★
4
",4.6
414,항상 맛있게 잘 먹고 있습니다ㅎㅎ,★★★★★,"두마리 순살/1(두마리 치킨1 선택 택 1(후라이드),두마리 치킨2 선택 택 1(양념))","
맛
★
5
양
★
5
배달
★
5
",4.8
415,오늘도 맛있게 잘 먹었습니다 언제나 빠른 배달 감사합니다 서비스로 주신 김말이도 잘 먹었습니다,★★★★★,"오곡 후라이드 치킨/1(부위선택 택 1(순살（다리살）)),국물떡볶이/1,생맥주 1000cc/2","
맛
★
5
양
★
5
배달
★
5
",5.0
416,단짠단짠 최고의 맛이네요 복날엔 또래오래,★★★★★,단짠치킨 윙봉/1,"
맛
★
5
양
★
5
배달
★
5
",5.0
417,배달도 빠르구 맛도 너무 좋았어요 ,★★★★★,단짠치킨 순살/1,"
맛
★
5
양
★
5
배달
★
5
",4.8
418,항상 맛있게 잘먹고 있습니다 이번엔 바쁘셨는지 리뷰이벤트를 안해주셨네요 ㅜㅜ 그래도 잘먹었습니다,★★★★★,후라이드반＋양념반/1(옵션변경(윙봉（날개）)),"
맛
★
5
양
★
5
배달
★
5
",5.0
419,치킨 원톱으로 인정합니다,★★★★★,갈릭반＋핫양념반/1(옵션변경(스틱（다리）)),"
맛
★
5
양
★
5
배달
★
5
",4.62
420,역시 또레오레가 최고네요 순살도 최고입니다,★★★★★,"두마리 순살/1(두마리 치킨1 선택 택 1(후라이드),두마리 치킨2 선택 택 1(양념))","
맛
★
5
양
★
5
배달
★
5
",5.0
421,감사히 잘 먹었습니다,★★★★★,"오곡 핫양념 치킨/1(부위선택 택 1(순살（다리살）),사이드 추가(국물떡볶이 매운맛)),생맥주 1000cc/1","
맛
★
5
양
★
5
배달
★
5
",5.0
422,맛있게 먹엇습니다,★★★★★,후라이드반＋양념반/1(옵션변경(순살（다리살）)),"
맛
★
5
양
★
5
배달
★
5
",4.6
423,맛있게 잘 먹었습니다,★★★★★,갈릭반＋핫양념반/1(옵션변경(윙봉（날개）)),"
맛
★
5
양
★
5
배달
★
5
",4.8
424,걍 최고입니다 후회안함,★★★★★,갈릭반＋핫양념반/1(옵션변경(한마리)),"
맛
★
5
양
★
5
배달
★
5
",5.0
425,여기서만 시켜먹어요 존맛탱,★★★★★,갈릭반＋핫양념반/1(옵션변경(한마리)),"
맛
★
5
양
★
5
배달
★
5
",4.58
426,소스 넘 맛있어요 감사합니다,★★★★★,단짠치킨 윙봉/1,"
맛
★
5
양
★
5
배달
★
5
",4.8
427,오늘도 맛있게 잘먹었습니다,★★★★★,"치킨＋미니핫도그/1(치킨 선택 택 1(고추단짠치킨),세트 부위선택 택 1(윙봉（날개）))","
맛
★
5
양
★
5
배달
★
5
",5.0
428,항상 맛있게 먹어요,★★★★★,후라이드반＋양념반/1(옵션변경(한마리)),"
맛
★
5
양
★
5
배달
★
5
",4.79
429,대존맛다만 떡볶이는 매운맛의 경우 좀 매워요맵찔이들은 보통맛 추천맵부심들은 매운맛 ㄱㄱ,★★★★★,"치킨＋국물떡볶이 매운맛/1(치킨 선택 택 1(후라이드),세트 부위선택 택 1(윙봉（날개）))","
맛
★
5
양
★
5
배달
★
5
",1.0
430,언제나 빠르게 따듯하게 와서 너무좋아요,★★★★★,후라이드반＋양념반/1(옵션변경(한마리)),"
맛
★
5
양
★
5
배달
★
5
",4.8
431,맛있어요 서비스도 매번 감사합니다,★★★★★,갈릭반＋핫양념반/1(옵션변경(순살（다리살）)),"
맛
★
5
양
★
5
배달
★
5
",5.0
432,못참고 또 주문했네요 맛있어요 감사합니다,★★★★★,후라이드반＋양념반/1(옵션변경(윙봉（날개）)),"
맛
★
5
양
★
5
배달
★
5
",5.0
433,정말 맛있게 먹었어요운전면허 시험에서 실격하는 바람에 오늘 굉장히 울쩍했는데 ㅜㅜ 치킨 먹으니까 다시 힘이 나네용,★★★★★,갈릭반＋핫양념반/1(옵션변경(한마리)),"
맛
★
5
양
★
5
배달
★
5
",1.97
434,바사삭 촉촉한 육즙  쭈르륵더워서 힘들었던 하루맛있는 치킨으로  위로 받았습니다,★★★★★,후라이드반＋양념반/1(옵션변경(한마리)),"
맛
★
5
양
★
5
배달
★
5
",3.99
435,오늘도 맛있게 잘 먹었습니다 언제나 빠른 배달 많은 양 맛있는 치킨 최고입니다 서비스로 주신 김말이도 맛있게 잘 먹었습니다,★★★★★,"콘듀치킨/1,생맥주 1000cc/2","
맛
★
5
양
★
5
배달
★
5
",4.8
436,맛있게 잘먹었습니다,★★★★★,"오곡 후라이드 치킨/1(부위선택 택 1(한마리),소스추가(양념소스)),핫양념소스/1","
맛
★
5
양
★
5
배달
★
5
",5.0
437,이주동안 세번째 시켜먹었네요 다이어트 하는데 책임지세요 사장님 ㅠㅠ,★★★★★,"후라이드반＋양념반/1(옵션변경(한마리)),생맥주 1000cc/1,참이슬/1","
맛
★
5
양
★
5
배달
★
5
",2.62
438,가끔 치킨생각나면 역시 또래오래,★★★★★,단짠치킨 스틱/1,"
맛
★
5
양
★
5
배달
★
5
",2.26
439,너무 맛있게 먹느냐고 사진을 못찍었네요 ㅎㅎ 배달 엄청 빨랐습니다,★★★★★,단짠치킨 순살/1,"
맛
★
5
양
★
5
배달
★
5
",3.82
440,너무맛있어서 이틀연속 주문했어요 맛있어요 감사합니다,★★★★★,후라이드반＋양념반/1(옵션변경(윙봉（날개）)),"
맛
★
5
양
★
5
배달
★
5
",5.0
441,한번 먹어보고 요즘 자주 시켜먹고 있습니다,★★★★★,핫뿌레이크 순살/1,"
맛
★
5
양
★
5
배달
★
5
",4.6
442,맛있고 서비스도 많이줘요,★★★★★,후라이드반＋양념반/1(옵션변경(순살（다리살）)),"
맛
★
5
양
★
5
배달
★
5
",5.0
443,맛나게 먹었어요,★★★★★,단짠치킨 윙봉/1,"
맛
★
5
양
★
5
배달
★
5
",4.6
444,옴뇸뇸 맛있어요 뿌링클보다 덜 물리네요,★★★★★,콘듀치킨 순살/1,"
맛
★
5
양
★
5
배달
★
5
",3.59
445,또래오래 단짠치킨 진짜 존맛인데 오랜만에 그냥 후라이드 땡겨길래 먹어봤는데 맛있었어요,★★★★★,후라이드반＋양념반/1(옵션변경(한마리)),"
맛
★
5
양
★
5
배달
★
5
",3.61
446,양도많고 맛있어요 굿굿,★★★★★,양념반＋갈릭반/1(옵션변경(한마리)),"
맛
★
5
양
★
5
배달
★
5
",4.8
447,두번째 주문이고 역시 맛있네요,★★★★★,후라이드반＋양념반/1(옵션변경(한마리)),"
맛
★
5
양
★
5
배달
★
5
",5.0
448,전 매운거 잘 못먹는 편인데 세트에 매운떡볶이만있고 안매운게 안보여서 그냥 시켰는데  떡볶이 너무 매워요  치킨은 맥주 안주에 딱인데 아이들은 먹어보고 맵다해서 바로 피자 주문해줬어요 어쨌든 치킨은 어른 입맛엔 맛있게 매운 맛입니다 맥주까서 잘 먹었습니다 ㅋ,★★★★★,"치킨＋국물떡볶이 매운맛/1(치킨 선택 택 1(후라이드),세트 부위선택 택 1(콤보（날개＋다리）))","
맛
★
5
양
★
5
배달
★
5
",1.78
449,맛도 최고서비스도 최고,★★★★★,후라이드반＋양념반/1(옵션변경(한마리)),"
맛
★
5
양
★
5
배달
★
5
",5.0
450,양념반반중에 원래 양념파였는데 입맛이바꼈나봐요ㅜㅜ둘다 맛있어요ㅋㅋㅋㅋㅋㅋ,★★★★★,후라이드반＋양념반/1(옵션변경(한마리)),"
맛
★
5
양
★
5
배달
★
5
",4.19
451,항상 존맛이네여역시맛집입니다,★★★★★,양념반＋갈릭반/1(옵션변경(순살（다리살）)),"
맛
★
5
양
★
5
배달
★
5
",4.81
452,감사합니다 맛잇어요,★★★★★,갈릭반＋핫양념반/1(옵션변경(한마리)),"
맛
★
5
양
★
5
배달
★
5
",4.8
453,배달 빠르고 매콤하니 맛있어영 서비스도 감사합니다,★★★★★,"맵부심후라이드 순살/1,생맥주 1000cc/1","
맛
★
5
양
★
5
배달
★
5
",5.0
454,치킨 종결자 존맛입니다,★★★★★,갈릭반＋핫양념반/1(옵션변경(한마리)),"
맛
★
5
양
★
5
배달
★
5
",5.0
455,맛있게 잘먹었습니다 다음에도 또 시켜먹을게요,★★★★★,"두마리 순살/1(두마리 치킨1 선택 택 1(갈릭),두마리 치킨2 선택 택 1(핫양념))","
맛
★
5
양
★
5
배달
★
5
",4.8
456,오곡후라이드 고소바삭하고 맛있어요 갑자기 비와서 걱정했는데 배달도 잘 왔어요,★★★★★,"오곡 후라이드 치킨/1(부위선택 택 1(한마리),사이드 추가(리얼치즈볼))","
맛
★
5
양
★
5
배달
★
5
",4.21
457,정말 또레오레가 최고입니다 품질 맛 모두,★★★★★,오곡 양념 치킨/1(부위선택 택 1(한마리)),"
맛
★
5
양
★
5
배달
★
5
",5.0
458,맛있게 잘먹었습니다 쿠폰덕에 싸게 잘먹었습니다 감사합니다 또주문 할께요,★★★★★,후라이드반＋양념반/1(옵션변경(윙봉（날개）)),"
맛
★
5
양
★
5
배달
★
5
",4.8
459,너무 맛있어요,★★★★★,고추단짠치킨 순살/1,"
맛
★
5
양
★
5
배달
★
5
",5.0
460,잘먹었습니다 배달 서비스 역시 좋은 곳,★★★★★,갈릭반＋핫양념반/1(옵션변경(한마리)),"
맛
★
5
양
★
5
배달
★
5
",5.0
461,정말 뜨겁게 배달와서 아주 맛있게 먹었습니다최곱니다,★★★★★,후라이드반＋양념반/1(옵션변경(한마리)),"
맛
★
5
양
★
5
배달
★
5
",5.0
462,너무 늦게와요 맛은 최고요,★★★★★,갈릭반＋핫양념반/1(옵션변경(한마리)),"
맛
★
5
양
★
5
배달
★
1
",5.0
463,꼬마손님들 방문에 메뉴 고민하던 중 행사 중인 또래오래 이벤트보고 주문했어요다들 너무 맛있게 먹고 좋아하네요해쉬포테이토도 넘 맛나요엄마들이 어디 치킨이냐고 묻는거 보니 이번 주문은 성공이네요 ,★★★★★,"두마리 순살/1(두마리 치킨1 선택 택 1(후라이드),두마리 치킨2 선택 택 1(양념))","
맛
★
5
양
★
5
배달
★
5
",5.0
464,첫 후라이드인데 이것마저 맛잇음 걍 여긴 다 맛잇음,★★★★★,후라이드반＋양념반/1(옵션변경(한마리)),"
맛
★
5
양
★
5
배달
★
5
",4.8
465,가격 맛 서비스 다 흠잡을데가없습니다배달보내실때 박스에 테이핑 해주셧으면 좋겠어요,★★★★★,오곡 갈릭플러스 치킨/1(부위선택 택 1(스틱（다리）)),"
맛
★
5
양
★
5
배달
★
5
",5.0
466,단짠단짠 역시 믿고먹는 또래오래,★★★★★,고추단짠치킨/1,"
맛
★
5
양
★
5
배달
★
5
",4.04
467,맛있게 잘 먹었습니다,★★★★★,"두마리 치킨/1(두마리 치킨1 선택 택 1(후라이드),두마리 치킨2 선택 택 1(갈릭)),양념소스/1,콜라 1.25L/1","
맛
★
5
양
★
5
배달
★
5
",4.8
468,맛있어요 너무나,★★★★★,갈릭반＋핫양념반/1(옵션변경(한마리)),"
맛
★
5
양
★
5
배달
★
5
",5.0
469,맛있습니다 ㅋㅋㅋ 치킨집은 여기,★★★★★,오곡 후라이드 치킨/1(부위선택 택 1(한마리)),"
맛
★
5
양
★
5
배달
★
5
",4.8
470,맛있게 잘 먹었습니다,★★★★★,후라이드반＋양념반/1(옵션변경(한마리)),"
맛
★
5
양
★
5
배달
★
5
",4.8
471,잘 먹었습니다 맛나네요 ㅋ,★★★★★,갈릭반＋핫양념반/1(옵션변경(한마리)),"
맛
★
5
양
★
5
배달
★
5
",5.0
472,간만에 맛있게 먹었습니다,★★★★★,콘듀치킨 순살/1,"
맛
★
5
양
★
5
배달
★
5
",4.19
473,맛있어요 ㅋㅋㅋㅋㅋㅋㅋㅋㅋㅋ,★★★★★,오곡 후라이드 치킨/1(부위선택 택 1(한마리)),"
맛
★
5
양
★
5
배달
★
5
",4.8
474,맛있게먹었읍니다 ,★★★★★,오곡 후라이드 치킨/1(부위선택 택 1(한마리)),"
맛
★
5
양
★
5
배달
★
5
",4.6
475,오래 걸리긴 했지만 맛있었어요,★★★★★,"오곡 후라이드 치킨/1(부위선택 택 1(한마리)),참이슬/1","
맛
★
5
양
★
5
배달
★
5
",4.41
476,존맛이에요 또래오래가 이렇게 맛있었나,★★★★★,핫뿌레이크/1(소스추가(콘듀디핑소스)),"
맛
★
5
양
★
5
배달
★
5
",5.0
477,맛나게 잘먹었습니다 배달도 빠르고 좋아요,★★★★★,"두마리 치킨/1(두마리 치킨1 선택 택 1(후라이드),두마리 치킨2 선택 택 1(갈릭))","
맛
★
5
양
★
5
배달
★
5
",5.0
478,맛잇게 잘 먹었어요,★★★★★,갈릭반＋핫양념반/1(옵션변경(순살（다리살）)),"
맛
★
5
양
★
5
배달
★
5
",5.0
479,맛있게 잘 먹었습니다,★★★★★,오곡 후라이드 치킨/1(부위선택 택 1(한마리)),"
맛
★
5
양
★
5
배달
★
5
",4.8
480,맛있게먹었어요 진짜 최고,★★★★★,단짠치킨 순살/1,"
맛
★
5
양
★
5
배달
★
5
",5.0
481,항상 맛있게 잘 먹고 있습니다ㅎㅎ,★★★★★,오곡 후라이드 치킨/1(부위선택 택 1(순살（다리살）)),"
맛
★
5
양
★
5
배달
★
5
",4.8
482,맛잇어요,★★★★★,오곡 양념 치킨/1(부위선택 택 1(한마리)),"
맛
★
5
양
★
5
배달
★
5
",5.0
483,최근에 먹은 후라이드 중에 제일 맛있었어요 진짜 앞으로 후라이드치킨은 여기서만 시켜먹을래요,★★★★★,오곡 후라이드 치킨/1(부위선택 택 1(한마리)),"
맛
★
5
양
★
5
배달
★
5
",4.8
484,여러가지메뉴가있지만 저는 갈릭플러스에요간만에먹었는데 더맛있어요굳배달도빠르고 맛도좋고ㅎ,★★★★★,오곡 갈릭플러스 치킨/1(부위선택 택 1(한마리)),"
맛
★
5
양
★
5
배달
★
5
",4.61
485,맛있게 잘먹었어요,★★★★★,단짠치킨/1,"
맛
★
5
양
★
5
배달
★
5
",5.0
486,감사히 잘 먹었습니다,★★★★★,오곡 갈릭플러스 치킨/1(부위선택 택 1(콤보（날개＋다리）)),"
맛
★
5
양
★
5
배달
★
5
",5.0
487,최근 먹은 치킨중에 가장 만족스러웠어요 자주 시킬게요,★★★★★,후라이드반＋핫양념반/1(옵션변경(한마리)),"
맛
★
5
양
★
5
배달
★
5
",4.6
488,바사바삭하면서도 느끼하지않아 끝까지 맛있게먹었어요  해쉬브라운도 감자맛이 풍부하고 바삭해서  넘 맛있네요,★★★★★,후라이드반＋갈릭반/1(옵션변경(한마리)),"
맛
★
5
양
★
5
배달
★
5
",4.8
489,서울 위 치킨집 보장,★★★★★,"양념반＋갈릭반/1(옵션변경(한마리),사이드 추가(치킨무 추가))","
맛
★
5
양
★
5
배달
★
5
",4.61
490,맛있게 잘 먹었습니다 식후감,★★★★★,오곡 후라이드 치킨/1(부위선택 택 1(한마리)),"
맛
★
5
양
★
5
배달
★
5
",4.6
491,바삭하고 빠른시간에 와서 좋아요,★★★★★,"오곡 후라이드 치킨/1(부위선택 택 1(한마리),소스추가(핫양념소스))","
맛
★
5
양
★
5
배달
★
5
",4.39
492,양도 많고 잘먹을게요,★★★★★,"두마리 순살/1(두마리 치킨1 선택 택 1(후라이드),두마리 치킨2 선택 택 1(양념))","
맛
★
5
양
★
5
배달
★
5
",5.0
493,항상 맛있게잘먹고 있습니다,★★★★★,오곡 갈릭플러스 치킨/1(부위선택 택 1(한마리)),"
맛
★
5
양
★
5
배달
★
5
",4.81
494,맛있습니다 다음에도 또래오래,★★★★★,후라이드반＋양념반/1(옵션변경(한마리)),"
맛
★
5
양
★
5
배달
★
5
",4.8
495,또래오래는 갈릭이지요,★★★★★,후라이드반＋갈릭반/1(옵션변경(윙봉（날개）)),"
맛
★
5
양
★
5
배달
★
5
",2.4
496,짭짤하면서 맛있고 양도 많습니다감자도 맛있고요,★★★★★,오곡 갈릭플러스 치킨/1(부위선택 택 1(한마리)),"
맛
★
5
양
★
5
배달
★
5
",4.8
497,맛잇게잘먹었습니다ㅎ,★★★★★,오곡 양념 치킨/1(부위선택 택 1(한마리)),"
맛
★
5
양
★
5
배달
★
5
",5.0
498,빠른 배달이랑 변하지않는 맛에 여기서만 배달시켜요항상 너무맛있어요,★★★★★,"뿌리링（치즈맛）/1(부위선택 택 1(한마리),사이드 추가(김말이튀김))","
맛
★
5
양
★
5
배달
★
5
",5.0
499,핫후라이드라고 해서 시켰는데 그냥 후라이드에 맵소사 소스가 왔어욥 원래 이런 건지 모르겠네용 그래도 치킨 상태가 좋아서 맛있게 먹었습니당 소스는 꽤 많이 매워여,★★★★★,맵부심후라이드 콤보/1,"
맛
★
4
양
★
5
배달
★
5
",3.8
500,사진을 못찍었는데 맛있게 잘 먹었어요 또 시키려구요,★★★★★,콘듀치킨 윙봉/1,"
맛
★
5
양
★
5
배달
★
5
",4.41
501,맛있게 잘먹었습니다,★★★★★,갈릭반＋핫양념반/1(옵션변경(한마리)),"
맛
★
5
양
★
5
배달
★
5
",5.0
502,맛있게 잘먹ㅇㄱㅆ습니다,★★★★★,갈릭반＋핫양념반/1(옵션변경(한마리)),"
맛
★
5
양
★
5
배달
★
5
",4.8
503,치킨 너무 맛있어요그런데 생맥주가 심각이건 공짜로 줘도 안먹을 맛입니다생맥 노즐 관리가 안된건지 맥주가 이상한건지관리좀 하심이,★★★★,"후라이드반＋양념반/1(옵션변경(한마리)),생맥주 1000cc/1","
맛
★
4
양
★
5
배달
★
5
",1.21
504,언제나 맛있게 잘 먹고있습니다ㅎㅎ 콘듀치킨에 같이 오는 감자튀김이 정말 일품이네요 오늘도 서비스로 주신 김말이 정말 맛있게 잘 먹었습니다 아 그리고 날이 많이 더워졌습니다 더위 조심하세요 사장님,★★★★★,"콘듀치킨 순살/1,김말이튀김/1,생맥주 1000cc/2","
맛
★
5
양
★
5
배달
★
5
",5.0
505,핫양념 맛있게 매워서 잘 먹었습니다,★★★★★,오곡 핫양념 치킨/1(부위선택 택 1(한마리)),"
맛
★
5
양
★
5
배달
★
5
",5.0
506,퀄리티 좋고 따뜻하게와서 맛있게 먹었어요,★★★★★,단짠치킨/1,"
맛
★
5
양
★
5
배달
★
5
",4.6
507,한달에 두 번은 늘 먹는듯,★★★★★,갈릭반＋핫양념반/1(옵션변경(한마리)),"
맛
★
5
양
★
5
배달
★
5
",3.77
508,맛있어서 항상 여기서만 먹습니다,★★★★★,오곡 후라이드 치킨/1(부위선택 택 1(한마리)),"
맛
★
5
양
★
5
배달
★
5
",4.8
509,핫양념소스가 기분좋은 매운맛이네여,★★★★★,갈릭반＋핫양념반/1(옵션변경(한마리)),"
맛
★
5
양
★
5
배달
★
5
",4.6
510,넘 너무 맛있게 잘먹었습니다 정성스런 음식 감사합니다,★★★★★,오곡 후라이드 치킨/1(부위선택 택 1(콤보（날개＋다리）)),"
맛
★
5
양
★
5
배달
★
5
",5.0
511,예정시간에 따뜻하게 배달 되었어요,★★★★,오곡 후라이드 치킨/1(부위선택 택 1(한마리)),"
맛
★
4
양
★
4
배달
★
4
",4.39
512,바삭한 후라이드와매콤한 소스의 조합 굿,★★★★★,맵부심후라이드 윙봉/1,"
맛
★
5
양
★
5
배달
★
5
",3.99
513,맛나게잘먹었어요언제먹어도맛있네요,★★★★★,갈릭반＋핫양념반/1(옵션변경(한마리)),"
맛
★
5
양
★
5
배달
★
5
",4.6
514,이렇게 눅눅한 날씨에 이 퀄리티의 튀김요리가 가능한가요맛있게 잘 먹었습니다,★★★★★,갈릭반＋핫양념반/1(옵션변경(한마리)),"
맛
★
5
양
★
5
배달
★
5
",4.61
515,역시 최고입니다 맛도 품질도 배달도 좋아요,★★★★★,오곡 후라이드 치킨/1(부위선택 택 1(한마리)),"
맛
★
5
양
★
5
배달
★
5
",4.81
516,치킨이 너무빠싹 튀겨져서 딱딱했어요ㅜ아쉽지만 그래도 맛있게먹었습니다,★★★★★,단짠치킨/1,"
맛
★
5
양
★
5
배달
★
5
",2.99
517,깔끔하고 맛있네요 ㅎㅎ,★★★★★,단짠치킨/1,"
맛
★
5
양
★
5
배달
★
5
",4.81
518,소스랑 떡이 잘어울리네요 짭짤해서 밥이랑 먹으면 좋을것 같습니다,★★★★★,단짠치킨 순살/1,"
맛
★
5
양
★
5
배달
★
5
",4.79
519,항상 맛있게 잘먹고 있어요,★★★★★,맵부심후라이드 스틱/1,"
맛
★
5
양
★
5
배달
★
5
",4.8
520,뭔가 오늘 항상 시키던 치킨이 아니라 마른치킨이 온느낌,★★★★,오곡 갈릭플러스 치킨/1(부위선택 택 1(한마리)),"
맛
★
4
양
★
4
배달
★
4
",2.16
521,또래오래는 처음먹어보는데 맛있고 양도 많아서 좋았어요,★★★★★,스모키양념 한마리/1,"
맛
★
5
양
★
5
배달
★
5
",4.6
522,역시 또래오래 너무 좋아요,★★★★★,맵부심후라이드/1,"
맛
★
5
양
★
5
배달
★
5
",4.8
523,맛있어요 또시켜먹을게요,★★★★★,핫뿌레이크 순살/1,"
맛
★
5
양
★
5
배달
★
5
",5.0
524,맛도 배달도 칭찬합니다,★★★★★,"두마리 순살/1(두마리 치킨1 선택 택 1(후라이드),두마리 치킨2 선택 택 1(핫양념))","
맛
★
5
양
★
5
배달
★
5
",4.8
525,너무 마싯어서 맨날시켜요,★★★★★,"오곡 파닭 치킨/1(부위선택 택 1(순살（다리살）),사이드 추가(바삭한근위튀김))","
맛
★
5
양
★
5
배달
★
5
",5.0
526,잘먹었습니다 배달 서비스 역시 좋은 곳,★★★★★,갈릭반＋핫양념반/1(옵션변경(한마리)),"
맛
★
5
양
★
5
배달
★
5
",5.0
527,언제 먹어도 맛있습니다,★★★★★,갈릭반＋핫양념반/1(옵션변경(한마리)),"
맛
★
5
양
★
5
배달
★
5
",4.58
528,너무너무 맛있고  양도 많아요 굿굿 까먹어서 지금 쓰네요,★★★★★,오곡 후라이드 치킨/1(부위선택 택 1(한마리)),"
맛
★
5
양
★
5
배달
★
5
",5.0
529,불변의 치킨최강 갈반핫반,★★★★★,갈릭반＋핫양념반/1(옵션변경(스틱（다리）)),"
맛
★
5
양
★
5
배달
★
5
",4.8
530,맛잇어여 다음에도 시킴여,★★★★★,단짠치킨/1,"
맛
★
5
양
★
5
배달
★
4
",4.81
531,비 오늘 날이었는데 배달도 늦지 않고 덕분에 야식으로 잘 먹었어요 후라이드가 참 맛나네요 안에도 간이 잘 되어 있어서 특별히 소스를 찍어먹지 않아도 짭쪼름 했어요 서비스도 따끈하게 와서 더욱 감사히 먹었습니다,★★★★★,후라이드반＋양념반/1(옵션변경(한마리)),"
맛
★
5
양
★
5
배달
★
5
",4.61
532,배달이 빨라서 치킨이 바삭하고 맛있었습니다,★★★★★,오곡 후라이드 치킨/1(부위선택 택 1(한마리)),"
맛
★
5
양
★
5
배달
★
5
",5.0
533,최고고,★★★★★,단짠치킨 순살/1,"
맛
★
5
양
★
5
배달
★
5
",5.0
534,단짠에서 콘듀로 갈아타봤는데 요것도 맛있었어용,★★★★★,콘듀치킨 순살/1,"
맛
★
5
양
★
5
배달
★
5
",4.59
535,오늘도 잘먹엇습니다,★★★★★,후라이드반＋양념반/1(옵션변경(순살（다리살）)),"
맛
★
5
양
★
5
배달
★
5
",5.0
536,요청사항도 잘들어주시고 맛도최고너무 맛있어용 다음에 또 재주문할게요 감쟈합니다,★★★★★,맵부심후라이드 윙봉/1(소스추가(양념소스)),"
맛
★
5
양
★
5
배달
★
5
",4.61
537,잘 먹었습니다 맛있었어요,★★★★★,"갈릭반＋핫양념반/1(옵션변경(한마리),사이드 추가(치킨무 추가))","
맛
★
5
양
★
5
배달
★
5
",4.8
538,오늘도 잘 먹엇습니다,★★★★★,"양념반＋갈릭반/1(옵션변경(한마리),사이드 추가(치킨무 추가))","
맛
★
5
양
★
5
배달
★
5
",5.0
539,아주 맛있게 잘먹었어요 양이 대박이라 나눠 먹었네요 최고예요 해쉬부라운도 맛있었습니다,★★★★★,"오곡 갈릭플러스 치킨/1(부위선택 택 1(한마리)),떡사리 추가/1","
맛
★
5
양
★
5
배달
★
5
",5.0
540,맛잇어요 잘먹엇우요,★★★★★,단짠치킨/1,"
맛
★
5
양
★
5
배달
★
5
",5.0
541,맛있게 잘먹었어요,★★★★★,갈릭반＋핫양념반/1(옵션변경(한마리)),"
맛
★
5
양
★
5
배달
★
5
",5.0
542,항상 맛있게 잘 먹고 있습니다ㅎㅎ,★★★★★,오곡 후라이드 치킨/1(부위선택 택 1(순살（다리살）)),"
맛
★
5
양
★
5
배달
★
5
",4.8
543,비오는날도 치맥이네요ㅎ맛있어요,★★★★★,갈릭반＋핫양념반/1(옵션변경(한마리)),"
맛
★
5
양
★
5
배달
★
5
",4.6
544,오랜만에 먹어서 더 맛있네요,★★★★★,오곡 갈릭플러스 치킨/1(부위선택 택 1(한마리)),"
맛
★
5
양
★
5
배달
★
5
",4.38
545,맵찔이가 먹기엔 좀맵지만 맛있습니다,★★★★★,갈릭반＋핫양념반/1(옵션변경(순살（다리살）)),"
맛
★
5
양
★
5
배달
★
5
",3.0
546,역시 후라이드 맛있어요따듯하게 오는게 너무 좋아요또 먹을게요,★★★★★,오곡 후라이드 치킨/1(부위선택 택 1(한마리)),"
맛
★
5
양
★
5
배달
★
5
",5.0
547,맛있어요 ㅠㅠㅠㅠㅠㄱ,★★★★★,콘듀치킨/1,"
맛
★
5
양
★
5
배달
★
5
",5.0
548,넘 맛있어요 두마리 순살세트는 첨인데 촉촉하고 맛있네요,★★★★★,"두마리 순살/1(두마리 치킨1 선택 택 1(갈릭),두마리 치킨2 선택 택 1(양념))","
맛
★
5
양
★
5
배달
★
5
",4.8
549,맛있었습니다 ㅎㅎㅎㅎ,★★★★★,단짠치킨 순살/1,"
맛
★
5
양
★
5
배달
★
5
",5.0
550,닭 질이 좋아서 다 맛있었어요,★★★★★,단짠치킨 순살/1,"
맛
★
5
양
★
5
배달
★
5
",4.8
551,맛있어요 항상 여기서만 시킵니다,★★★★★,오곡 후라이드 치킨/1(부위선택 택 1(한마리)),"
맛
★
5
양
★
5
배달
★
5
",4.8
552,맛있는데 약간 짭쪼름하네요,★★★★★,후라이드반＋양념반/1(옵션변경(한마리)),"
맛
★
4
양
★
5
배달
★
5
",4.8
553,배달은 빨랐어요  튀김옷은 바삭바삭해서 맛있엇습니다 ,★★★,고추단짠치킨 윙봉/1,"
맛
★
4
양
★
4
배달
★
5
",4.8
554,오늘도 맛있게 먹었습니다 겉비속촉,★★★★★,오곡 갈릭플러스 치킨/1(부위선택 택 1(한마리)),"
맛
★
5
양
★
5
배달
★
5
",4.59
555,사장님 역시 또래오래입니다 매워서 죽을것 같은데 스트레스 확풀리고 다른곳 같은 가격의 치킨과 완전 양과 질이 와따봉이네요 사업 번창하세용 뿌잉,★★★★★,"맵부심양념/1,생맥주 1000cc/1,참이슬/1","
맛
★
5
양
★
5
배달
★
5
",3.45
556,역시 돌고돌아 또래오래 갈릭,★★★★★,오곡 갈릭플러스 치킨/1(부위선택 택 1(한마리)),"
맛
★
5
양
★
5
배달
★
5
",2.6
557,너무 맛있게 잘 먹었습니다,★★★★★,갈릭반＋핫양념반/1(옵션변경(한마리)),"
맛
★
5
양
★
5
배달
★
5
",5.0
558,배달이 예상시간보다 빨리 왔습니다항상 그랬듯이 정말 맛있네요,★★★★★,갈릭반＋핫양념반/1(옵션변경(한마리)),"
맛
★
5
양
★
5
배달
★
5
",4.8
559,항상 맛있게먹고 있어요,★★★★★,갈릭반＋핫양념반/1(옵션변경(한마리)),"
맛
★
5
양
★
5
배달
★
5
",4.8
560,맛있어요 ㅎㅎㅎㅎㅎㅎ,★★★★★,오곡 양념 치킨/1(부위선택 택 1(한마리)),"
맛
★
5
양
★
5
배달
★
5
",4.79
561,역시 믿고먹는 또래오래,★★★★★,후라이드반＋양념반/1(옵션변경(한마리)),"
맛
★
5
양
★
5
배달
★
5
",4.8
562,맛있게먹었읍니다 ㅎ,★★★★★,콘듀치킨 순살/1,"
맛
★
5
양
★
5
배달
★
5
",4.6
563,닭이 정말 신선하고 닭가슴살조차도 육즙이 가득하면서 부드럽습니다후라이드는 약간 매콤하면서 아주 맛있고양념은 새콤하면서 매콤하니 맛있습니다정말 맛있게 먹었네요,★★★★★,후라이드반＋양념반/1(옵션변경(한마리)),"
맛
★
5
양
★
5
배달
★
5
",3.98
564,양념은 처음인데 왜 이제서야 존맛,★★★★★,양념반＋갈릭반/1(옵션변경(한마리)),"
맛
★
5
양
★
5
배달
★
5
",3.59
565,저는 또래오래가 이렇게 치킨을 잘하는 프랜차이즈인줄 몰랐어요 물론 독산가산점 점주께서 운영을 잘하신 덕이겠지요 너무 맛있게 잘 먹었습니다,★★★★★,오곡 파닭 치킨/1(부위선택 택 1(한마리)),"
맛
★
5
양
★
5
배달
★
5
",4.6
566,겉바속촉 잘 먹었습니다,★★★★★,오곡 후라이드 치킨/1(부위선택 택 1(한마리)),"
맛
★
5
양
★
5
배달
★
5
",4.8
567,분식집 떡볶이처럼 떡이 말랑말랑하고 맛있어요 치킨도 굿굿,★★★★★,"고추단짠치킨/1,국물떡볶이/1","
맛
★
5
양
★
5
배달
★
5
",4.01
568,맵부심 후라이드 역시 핫후라이드와 마찬가지로 너무 맛있네요 ㅎㅎ 요기요 어플에 핫후라이드가 있는지 확인 한번 해주시면 더 좋을 것 같아요,★★★★★,맵부심후라이드/1(사이드 추가(치킨무 추가)),"
맛
★
5
양
★
5
배달
★
5
",5.0
569,오랜만에 생각나서 주문했습니다요청사항이랑 리뷰 서비스 잘 챙겨주셔서 맛있게 잘 먹었습니다,★★★★★,마왕치킨/1(부위선택 택 1(순살（다리살）)),"
맛
★
5
양
★
5
배달
★
5
",4.8
570,맛있게 잘 먹었습니다,★★★★★,단짠치킨 윙봉/1,"
맛
★
5
양
★
5
배달
★
5
",4.8
571,맵고 맛있어요 양념 많이 주셔서 좋아요,★★★★★,맵부심양념/1,"
맛
★
5
양
★
5
배달
★
5
",4.79
572,너무 맛있습니다 ㅎㅎ특히 후라이드가 너무 바삭해요,★★★★★,후라이드반＋양념반/1(옵션변경(한마리)),"
맛
★
5
양
★
5
배달
★
5
",5.0
573,잘먹엇습니다,★★★★,갈릭반＋핫양념반/1(옵션변경(순살（다리살）)),"
맛
★
4
양
★
4
배달
★
4
",5.0
574,항상 맛있게 먹고 있습니다,★★★★★,후라이드반＋양념반/1(옵션변경(한마리)),"
맛
★
5
양
★
5
배달
★
5
",4.8
575,늘잘먹고잇어요 감사합니다,★★★★★,콘듀치킨/1,"
맛
★
5
양
★
5
배달
★
5
",5.0
576,잘 먹었습니다 또 이용 할게요,★★★★★,오곡 후라이드 치킨/1(부위선택 택 1(스틱（다리）)),"
맛
★
4
양
★
5
배달
★
5
",5.0
577,후라이드가 약간 매콤한듯 느끼하지 않고 바삭해서 너무 너무 맛있어요,★★★★★,후라이드반＋양념반/1(옵션변경(한마리)),"
맛
★
5
양
★
5
배달
★
5
",4.6
578,간만이네요 맛있게 잘 먹었습니다,★★★★★,고추단짠치킨 순살/1,"
맛
★
5
양
★
5
배달
★
5
",4.6
579,간만에 시켜 먹는거라 너무 맛있어요 여름엔 역시 치맥,★★★★★,고추단짠치킨 순살/1,"
맛
★
5
양
★
4
배달
★
5
",4.79
580,맛있어요 또래오래 최고 맛집,★★★★★,단짠치킨 순살/1,"
맛
★
5
양
★
5
배달
★
5
",5.0
581,할살 맛잇게 먹고 있어요,★★★★★,고추단짠치킨 순살/1,"
맛
★
5
양
★
5
배달
★
5
",5.0
582,맥주캔이 스며든다 번창하십쇼,★★★★★,"바삭한근위튀김/2,치킨무 추가/1,콜라 1.25L/1","
맛
★
5
양
★
5
배달
★
5
",3.25
583,너무 맛있게 잘먹었어요,★★★★★,"치킨＋미니핫도그/1(치킨 선택 택 1(갈반핫반),세트 부위선택 택 1(한마리))","
맛
★
5
양
★
5
배달
★
5
",5.0
584,오늘도 정말 맛있게 잘 먹었습니다 서비스로 주신 김말이도 맛있게 잘 먹었습니다ㅎㅎ 복 받으세요 사장님,★★★★★,"콘듀치킨 순살/1,생맥주 1000cc/2","
맛
★
5
양
★
5
배달
★
5
",5.0
585,최고입니다 진짜 매주시킴,★★★★★,"치킨＋로제떡볶이 매운맛/1(치킨 선택 택 1(갈반핫반),세트 부위선택 택 1(한마리))","
맛
★
5
양
★
5
배달
★
5
",5.0
586,최고입니다 무조건드셈,★★★★★,갈릭반＋핫양념반/1(옵션변경(스틱（다리）)),"
맛
★
5
양
★
5
배달
★
5
",5.0
587,너무 맛있게 잘 먹었습니다,★★★★★,단짠치킨 순살/1,"
맛
★
5
양
★
5
배달
★
5
",5.0
588,맛있어요 항상 좋습니다,★★★★★,고추단짠치킨 순살/1,"
맛
★
5
양
★
5
배달
★
5
",4.8
589,맛잇습니다 순살은  진짜 최고,★★★★★,단짠치킨 순살/1,"
맛
★
5
양
★
5
배달
★
5
",5.0
590,여기는 진짜 너무 맛있어서 믿고먹음  왜이ㅣㄹ 맛잇는지 모르겟음 ㅠ,★★★★★,단짠치킨 순살/1,"
맛
★
5
양
★
5
배달
★
5
",5.0
591,냠 돌아서면 생각나는 단짠치킨입니다,★★★★★,단짠치킨 스틱/1,"
맛
★
5
양
★
5
배달
★
5
",4.0
592,간만에 먹어도 맛있어요 ,★★★★★,갈릭반＋핫양념반/1(옵션변경(순살（다리살）)),"
맛
★
5
양
★
5
배달
★
5
",4.4
593,항상 맛있게 잘 먹고 있습니다ㅎㅎ,★★★★★,"치킨＋미니핫도그/1(치킨 선택 택 1(후반양반),세트 부위선택 택 1(순살（다리살）))","
맛
★
5
양
★
5
배달
★
5
",4.8
594,맛있게 잘먹었습니다 김말이도 너무 잘먹었어요,★★★★★,핫뿌레이크/1,"
맛
★
5
양
★
5
배달
★
5
",5.0
595,오늘도 잘먹엇습니다,★★★★★,오곡 갈릭플러스 치킨/1(부위선택 택 1(한마리)),"
맛
★
5
양
★
5
배달
★
5
",5.0
596,맛있게 잘 먹었습니다 단짠에 핫양념소스 진리,★★★★★,단짠치킨 순살/1(소스추가(핫양념소스)),"
맛
★
5
양
★
5
배달
★
5
",4.6
597,정말 따뜻하게 치킨을 먹을 수 있어 좋았습니다배달도 예정시간보다 빠르고 맛있게 잘 먹었습니다,★★★★★,오곡 후라이드 치킨/1(부위선택 택 1(한마리)),"
맛
★
5
양
★
5
배달
★
5
",4.6
598,할인할때마다 잘 먹어요,★★★★★,고추단짠치킨 순살/1,"
맛
★
5
양
★
5
배달
★
5
",4.19
599,잘 먹었습니다,★★★★★,단짠치킨 순살/1,"
맛
★
5
양
★
5
배달
★
5
",5.0
600,치킨은 또래오래 독산가산점만 애용 중입니다 동일 브랜드 타 지점보다 튀김옷이 더 바삭거리고 양념 소스도 맛난 거 같아요  늘 이 바삭함과 퀄리티 유지해주시길 바라며 또 주문할게요,★★★★★,후라이드반＋양념반/1(옵션변경(한마리)),"
맛
★
5
양
★
5
배달
★
5
",4.0
601,치킨순삭 맛집 단짠순살 최고,★★★★★,단짠치킨 순살/1,"
맛
★
5
양
★
5
배달
★
5
",5.0
602,배송빠르고맛있구요 사장님도  친절하세요,★★★★★,핫뿌레이크/1,"
맛
★
5
양
★
5
배달
★
5
",5.0
603,배송 빠르고맛좋아요,★★★★★,단짠치킨 순살/1,"
맛
★
5
양
★
5
배달
★
5
",4.8
604,핫뿌레이크 맛있어요 다음에 또 시킬께요,★★★★★,핫뿌레이크/1(소스추가(콘듀디핑소스)),"
맛
★
5
양
★
5
배달
★
5
",5.0
605,중독되는 맛 ㅠㅠ 잘먹을게요,★★★★★,콘듀치킨 순살/1,"
맛
★
5
양
★
5
배달
★
5
",4.8
606,콘듀 올만에 할인하길래 먹었는데 역시 맛있네요,★★★★★,오곡 후라이드 치킨/1(부위선택 택 1(한마리)),"
맛
★
5
양
★
5
배달
★
5
",4.6
607,잘 먹었습니다 치킨집은 여기죠,★★★★★,오곡 후라이드 치킨/1(부위선택 택 1(한마리)),"
맛
★
5
양
★
5
배달
★
5
",5.0
608,항상 맛있게 먹고있어요 후후 감사합니다,★★★★★,오곡 갈릭플러스 치킨/1(부위선택 택 1(한마리)),"
맛
★
5
양
★
5
배달
★
5
",5.0
609,오늘도 맛있게 잘 먹었습니다,★★★★★,"치킨＋로제떡볶이 매운맛/1(치킨 선택 택 1(갈반핫반),세트 부위선택 택 1(한마리))","
맛
★
5
양
★
5
배달
★
5
",5.0
610,느끼하지 않고 맛있어요,★★★★★,단짠치킨 순살/1,"
맛
★
5
양
★
5
배달
★
5
",4.8
611,이번에도 맛있게 먹었습니다 항상 변함없이 맛있네요,★★★★★,"고추단짠치킨 순살/1(사이드 추가(치킨무 추가),소스추가(핫양념소스))","
맛
★
5
양
★
5
배달
★
5
",4.41
612,오늘도 백프로 만족,★★★★★,오곡 후라이드 치킨/1(부위선택 택 1(순살（다리살）)),"
맛
★
5
양
★
5
배달
★
5
",5.0
613,언제 먹어도 항상 최고의 만족감,★★★★★,고추단짠치킨 순살/1,"
맛
★
5
양
★
5
배달
★
5
",4.78
614,언제나 겉바속촉한 치킨 떡사리가 은근히 포인트네요,★★★★★,단짠치킨 순살/1,"
맛
★
5
양
★
5
배달
★
5
",3.6
615,간만에 생각나서 또 시켰습니다 ㅎㅎ잘 먹었습니다,★★★★★,단짠치킨 순살/1,"
맛
★
5
양
★
5
배달
★
5
",4.2
616,오늘도 맛있게 잘 먹었습니다,★★★★★,단짠치킨 순살/1,"
맛
★
5
양
★
5
배달
★
5
",5.0
617,배고팠는데 배달 빨리해주셔서 정말 맛있게 잘먹었어용다음에 또 주문할게요,★★★★★,단짠치킨 순살/1,"
맛
★
5
양
★
5
배달
★
5
",5.0
618,잘먹었습니다 감사합니다,★★★★★,오곡 후라이드 치킨/1(부위선택 택 1(한마리)),"
맛
★
5
양
★
5
배달
★
5
",5.0
619,맛있습니다 밥이랑먹기 좋아요,★★★★★,단짠치킨 순살/1,"
맛
★
5
양
★
5
배달
★
5
",4.6
620,맛있게 잘 먹었습니다,★★★★★,갈릭반＋핫양념반/1(옵션변경(한마리)),"
맛
★
5
양
★
5
배달
★
5
",4.8
621,맛있게 잘 먹었습니다,★★★★★,"후라이드반＋양념반/1(옵션변경(순살（다리살）),사이드 추가(국물떡볶이 매운맛))","
맛
★
5
양
★
5
배달
★
5
",4.8
622,맛있게 잘 먹었습니다,★★★★★,고추단짠치킨 스틱/1,"
맛
★
5
양
★
5
배달
★
5
",4.8
623,또래오래 순살이 확실히 맛있어요 잘먹었습니다,★★★★★,오곡 후라이드 치킨/1(부위선택 택 1(콤보（날개＋다리）)),"
맛
★
5
양
★
5
배달
★
5
",4.8
624,단짠순살 너무 잘 어울려요,★★★★★,"두마리 순살/1(두마리 치킨1 선택 택 1(갈릭),두마리 치킨2 선택 택 1(양념))","
맛
★
5
양
★
5
배달
★
5
",5.0
625,서비스 좋고 아주 맛있습니다,★★★★★,핫뿌레이크 순살/1,"
맛
★
5
양
★
5
배달
★
5
",5.0
626,맛있게 잘 먹었어요 가끔 생각나서 주문하러와요,★★★★★,후라이드반＋양념반/1(옵션변경(스틱（다리）)),"
맛
★
5
양
★
5
배달
★
5
",4.6
627,늘 맛있게 먹고 있어요,★★★★★,갈릭반＋핫양념반/1(옵션변경(한마리)),"
맛
★
5
양
★
5
배달
★
5
",4.79
628,월클늘 기대하고 늘 기대를 충족시켜주는 맛입니다 감사합니다,★★★★★,핫뿌레이크/1,"
맛
★
5
양
★
5
배달
★
5
",4.8
629,갈릭 생각하며 주문했는데 양념도 맛있어서 깜짝 놀랐어용,★★★★★,핫뿌레이크 순살/1,"
맛
★
5
양
★
5
배달
★
5
",4.8
630,맛있어요 자주 시켜먹습니다,★★★★★,단짠치킨 순살/1,"
맛
★
5
양
★
5
배달
★
5
",4.61
631,배달 빠르고 맛이야 또래오래 닭 신선하고 왕맛이에요 오래오래 장사해주세여,★★★★★,고추단짠치킨 순살/1,"
맛
★
5
양
★
5
배달
★
5
",5.0
632,항상 맛있습니다수고하세요,★★★★★,핫뿌레이크/1,"
맛
★
5
양
★
5
배달
★
5
",4.81
633,무조건재주문 개존맛,★★★★★,"오곡 양념 치킨/1(부위선택 택 1(한마리),소스추가(양념소스))","
맛
★
5
양
★
5
배달
★
5
",5.0
634,맛있게 잘 먹었습니다,★★★★★,갈릭반＋핫양념반/1(옵션변경(한마리)),"
맛
★
5
양
★
5
배달
★
5
",4.8
635,항상 맛있게 먹고있습니다,★★★★★,오곡 갈릭플러스 치킨/1(부위선택 택 1(한마리)),"
맛
★
5
양
★
5
배달
★
5
",4.8
636,항상 자주 먹어요 고맙습니다 ㅎㅎㅎ,★★★★★,핫뿌레이크/1,"
맛
★
5
양
★
5
배달
★
5
",5.0
637,멋있게 잘 먹었습니다,★★★★★,"오곡 후라이드 치킨/1(부위선택 택 1(순살（다리살）),소스추가(발사믹와인소스（파닭소스）))","
맛
★
5
양
★
5
배달
★
5
",5.0
638,어머 깜빡했는데 리뷰남기려고 찍어둔 사진보고 생각났어요저날도 역시나 너무맛있었어요감사합니다,★★★★★,단짠치킨 순살/1,"
맛
★
5
양
★
5
배달
★
5
",4.8
639,매일 먹어도 안질리는 갈반핫반오늘도 출첵합니당항상 건강하세요 사장님,★★★★★,"콘듀치킨 순살/1,콜라 1.25L/1","
맛
★
5
양
★
5
배달
★
5
",5.0
640,오랜만에 시켰는데 역시나 배달도 빠르고이렇게 따끈따끈한 치킨 받아본게 얼마만인지 모르겠어요,★★★★★,단짠치킨 순살/1,"
맛
★
5
양
★
5
배달
★
5
",4.2
641,신메뉴 취향저격 완료군요 ㅎㅎ 추천합니다 은은한 매콤새콤,★★★★★,핫뿌레이크/1,"
맛
★
5
양
★
5
배달
★
5
",4.8
642,진짜 존맛 맛집 항상 먹어도 안질림,★★★★★,갈릭반＋핫양념반/1(옵션변경(한마리)),"
맛
★
5
양
★
5
배달
★
5
",4.8
643,오늘도 맛있게 잘먹었습니다,★★★★★,오곡 후라이드 치킨/1(부위선택 택 1(스틱（다리）)),"
맛
★
5
양
★
5
배달
★
5
",5.0
644,너무 허겁지겁 먹느라 사진을 못 찍었습니다자주 시켜먹는데 늘 맛있네요,★★★★★,갈릭반＋핫양념반/1(옵션변경(한마리)),"
맛
★
5
양
★
5
배달
★
5
",2.85
645,항상 너무 맛있어요 똥집튀김도 세트에 포함되어있어서 좋네영,★★★★★,핫뿌레이크 순살/1,"
맛
★
5
양
★
5
배달
★
5
",4.8
646,달달하니 맛있엇어요,★★★★★,"양념반＋갈릭반/1(옵션변경(한마리)),콜라 1.25L/1","
맛
★
5
양
★
5
배달
★
5
",4.8
647,엄청 맵네요 맛잇게 잘먹엇습니다,★★★★★,콘듀치킨/1,"
맛
★
5
양
★
5
배달
★
5
",5.0
648,맛있엇습니다 굿,★★★★★,핫뿌레이크/1,"
맛
★
5
양
★
5
배달
★
5
",5.0
649,다리 살도 많고 양념도 너무 맛있어요 너무 너무 좋아요,★★★★★,단짠치킨/1(음료 택 1(콜라 1.25L 추가)),"
맛
★
5
양
★
5
배달
★
5
",5.0
650,역시 맛있죠 갈반핫반 재방문,★★★★★,"갈릭반＋핫양념반/1(옵션변경(한마리)),생맥주 1000cc/1","
맛
★
5
양
★
5
배달
★
5
",4.8
651,후라이드가 바삭하고 육즙이 살아있어서 아주 맛있습니다 추천합니다,★★★★★,후라이드반＋양념반/1(옵션변경(한마리)),"
맛
★
5
양
★
5
배달
★
5
",4.59
652,갈릭플러스 언제나 맛나요,★★★★★,후라이드반＋양념반/1(옵션변경(순살（다리살）)),"
맛
★
5
양
★
5
배달
★
5
",4.79
653,와 오랜만에 시켰지만 역시 배달인지 모를만큼 뜨겁게 가져다주셔서 맛있게 잘먹었습니다,★★★★★,후라이드반＋양념반/1(옵션변경(한마리)),"
맛
★
5
양
★
5
배달
★
5
",4.6
654,오늘도 맛있게 잘 먹었습니다,★★★★★,갈릭반＋핫양념반/1(옵션변경(순살（다리살）)),"
맛
★
5
양
★
5
배달
★
5
",5.0
655,역시 또래오래,★★★★★,후라이드반＋양념반/1(옵션변경(순살（다리살）)),"
맛
★
5
양
★
5
배달
★
5
",4.6
656,닭 품질이 좋아서 다 맛있어요,★★★★★,"갈릭반＋핫양념반/1(옵션변경(한마리),사이드 추가(치킨무 추가))","
맛
★
5
양
★
5
배달
★
5
",5.0
657,항상 맛있게 잘 먹고 있어요,★★★★★,후라이드반＋갈릭반/1(옵션변경(순살（다리살）)),"
맛
★
5
양
★
5
배달
★
5
",4.8
658,배달이 빨라서 더욱 맛이 좋았다,★★★★★,갈릭반＋핫양념반/1(옵션변경(순살（다리살）)),"
맛
★
5
양
★
5
배달
★
5
",4.8
659,진짜 맛있어요 바삭바삭 또래오래는 이 지점이 제일 맛있어요 ㅋㅋ,★★★★★,단짠치킨/1,"
맛
★
5
양
★
5
배달
★
5
",5.0
660,양많고 마싯어요,★★★★★,단짠치킨 윙봉/1,"
맛
★
5
양
★
5
배달
★
5
",3.99
661,구구구구구구구구구굿,★★★★★,고추단짠치킨/1,"
맛
★
5
양
★
5
배달
★
5
",2.01
662,정말 맛있게 잘먹었습니다 번창하세요,★★★★★,고추단짠치킨 윙봉/1(사이드 추가(김말이튀김)),"
맛
★
5
양
★
5
배달
★
5
",5.0
663,다른 치킨집 후라이드 생각 안나고 여기가 후라이드 항상 시켜먹는 곳이에요 근데 이번에는 입맛이 달라진건가 치킨 맛이랑 닭고기가 평소랑 조금 다른거처럼 느껴졌던거같아요,★★★★★,"후라이드반＋핫양념반/1(옵션변경(순살（다리살）),음료 택 1(콜라 1.25L 추가))","
맛
★
5
양
★
5
배달
★
5
",2.0
664,배달도 빠르고 맛있어요 잘먹겠습니다 ,★★★★★,핫뿌레이크/1,"
맛
★
5
양
★
5
배달
★
5
",5.0
665,존맛입니다 맛잇어요,★★★★★,양념반＋갈릭반/1(옵션변경(한마리)),"
맛
★
5
양
★
5
배달
★
5
",5.0
666,맛있어요음식 사진은 못 찍었어요,★★★★★,갈릭반＋핫양념반/1(옵션변경(한마리)),"
맛
★
5
양
★
5
배달
★
5
",4.04
667,맛있게 잘 먹었습니다,★★★★,맛강정/1(부위선택 택 1(한마리)),"
맛
★
4
양
★
5
배달
★
5
",4.8
668,스노윙보다 훨씬 맛있었어요가루가 붙어있어도 느끼하지 않고같이 오는 소스랑 먹으니 더 맛있었습니다,★★★★★,핫뿌레이크/1,"
맛
★
5
양
★
5
배달
★
5
",4.41
669,신메뉴  나와서 주문해봤는데먼가 애매해서 저랑은 안맞는듯그래도 또래오래 독산가산점은항상 친절하고 진리입니다,★★★★★,단짠치킨/1,"
맛
★
5
양
★
5
배달
★
5
",3.99
670,맛있게 먹었습니다,★★★★★,후라이드반＋갈릭반/1(옵션변경(콤보（날개＋다리）)),"
맛
★
5
양
★
5
배달
★
5
",4.59
671,넘맛있어여  배달도 빠르게옴,★★★★★,오곡 갈릭플러스 치킨/1(부위선택 택 1(한마리)),"
맛
★
5
양
★
5
배달
★
5
",4.8
672,뜨거운 치킨 옵니다앙 개꿀띠,★★★★★,"갈릭반＋핫양념반/1(옵션변경(한마리),소스추가(허니머스타드소스))","
맛
★
5
양
★
5
배달
★
5
",4.2
673,언제나 굿,★★★★★,"치킨＋바삭한근위튀김/1(치킨 선택 택 1(갈반핫반),세트 부위선택 택 1(한마리))","
맛
★
5
양
★
5
배달
★
5
",4.79
674,ㅠㅠ 음식이 잘못 와서 다시 받았지만 언제나 우리동네 등 치킨 맛집입니다,★★★★★,핫뿌레이크 순살/1,"
맛
★
5
양
★
5
배달
★
4
",1.0
675,배달도 빠르고 치킨 맛있어요잘먹었습니다,★★★★★,오곡 후라이드 치킨/1(부위선택 택 1(한마리)),"
맛
★
5
양
★
5
배달
★
5
",4.6
676,감사합니다잘먹엇읍니다,★★★★★,핫뿌레이크/1(음료 택 1(콜라 1.25L 추가)),"
맛
★
5
양
★
5
배달
★
5
",5.0
677,단점이 없는 치킨 잘먹었어여,★★★★★,"핫뿌레이크/1,바삭한근위튀김/1","
맛
★
5
양
★
5
배달
★
5
",5.0
678,역시 갈반핫반은 또래오래입니다 갈릭먹다 짜다 싶으면 핫으로 핫먹다 매워지면 갈릭으로,★★★★★,오곡 후라이드 치킨/1(부위선택 택 1(한마리)),"
맛
★
5
양
★
5
배달
★
5
",3.64
679,치킨이 부드러워서 맛있습니다,★★★★★,핫뿌레이크/1,"
맛
★
5
양
★
5
배달
★
5
",4.01
680,언제나 믿고 주문하는 이동네 티어 치킨집이라 생각합니다,★★★★★,핫뿌레이크/1,"
맛
★
5
양
★
5
배달
★
5
",4.8
681,맛있게 잘 먹었어요,★★★★★,맵부심양념/1,"
맛
★
5
양
★
5
배달
★
5
",4.8
682,맛잇게  잘먹었습니다,★★★★★,갈릭반＋핫양념반/1(옵션변경(한마리)),"
맛
★
5
양
★
5
배달
★
5
",5.0
683,처음 시켜본 메뉴였는데 맛있습니다,★★★★★,후라이드반＋핫양념반/1(옵션변경(한마리)),"
맛
★
5
양
★
5
배달
★
5
",4.6
684,또래오래에서 제일 좋아하는 고추단짜 맛있게 잘먹었습니다  배달도 빠르게 잘 왔고요,★★★★★,핫뿌레이크 순살/1,"
맛
★
5
양
★
5
배달
★
5
",4.8
685,양도 많고 맛있어요 소스가 느끼함을 좀 잡아주는 약간의 매콤함이있어요,★★★★★,핫뿌레이크/1,"
맛
★
5
양
★
5
배달
★
5
",4.79
686,배달시간 빠르고 언제 먹어도 맛있어요 고추가 많이 들어가서 매콤하면서 짭짤한 맛이 좋아요,★★★★★,핫뿌레이크/1,"
맛
★
5
양
★
5
배달
★
5
",5.0
687,맛잇게 잘 먹엇습니다,★★★★★,핫뿌레이크 순살/1,"
맛
★
5
양
★
5
배달
★
5
",5.0
688,후라이드는 고소 핫치킨은 너무 맛있어요 맵기도 좋고 또 시켜먹을게요  ㅎㅎㅎㅎ,★★★★★,핫뿌레이크 순살/1,"
맛
★
5
양
★
5
배달
★
5
",4.22
689,핫뿌레이크는 제취향 아니지만치킨ㅇㄷㄴ맛있네요,★★★★★,핫뿌레이크/1,"
맛
★
5
양
★
5
배달
★
5
",3.6
690,언제나 먹어도 맛있습니다,★★★★★,핫뿌레이크/1,"
맛
★
5
양
★
5
배달
★
5
",4.76
691,오늘도 맛있게 잘 먹었습니다,★★★★★,핫뿌레이크 순살/1,"
맛
★
5
양
★
5
배달
★
5
",5.0
692,할인도 자주하고 가까워서 자주먹어요,★★★★★,"치킨＋로제떡볶이 보통맛/1(치킨 선택 택 1(후반양반),세트 부위선택 택 1(한마리))","
맛
★
5
양
★
5
배달
★
5
",4.59
693,핫양념 첨먹었는데 대박이네여,★★★★★,고추단짠치킨/1,"
맛
★
5
양
★
5
배달
★
5
",4.38
694,맛있게 잘 먹었습니다,★★★★★,오곡 양념 치킨/1(부위선택 택 1(한마리)),"
맛
★
5
양
★
5
배달
★
5
",4.8
695,맛있게 잘 먹었습니당,★★★★★,핫뿌레이크 순살/1,"
맛
★
5
양
★
5
배달
★
5
",5.0
696,오늘도 잘 먹었습니다,★★★★★,후라이드반＋양념반/1(옵션변경(한마리)),"
맛
★
5
양
★
5
배달
★
5
",5.0
697,맛있게 잘먹었습니다,★★★★★,핫뿌레이크 순살/1,"
맛
★
5
양
★
5
배달
★
5
",5.0
698,잘먹었습니다 맛좋네요 단짠단짠,★★★★★,핫뿌레이크/1,"
맛
★
5
양
★
5
배달
★
5
",5.0
699,치킨먹고싶을때는 또래오래만 찾습니다진짜 인생 최고 치킨입니다 ㅎㅎ늘 빠르고 맛있게 해주셔서 감사합니다,★★★★★,핫뿌레이크/1,"
맛
★
5
양
★
5
배달
★
5
",5.0
700,맛있고 양많아요,★★★★★,핫뿌레이크 순살/1,"
맛
★
5
양
★
5
배달
★
5
",4.8
701,맛있게 잘먹었네요다음에도 또 시켜 먹을것 같어요,★★★★★,"핫뿌레이크/1,양념소스/2","
맛
★
5
양
★
5
배달
★
5
",4.61
702,간장맛 치킨 맛있어서 자주시켜먹네요,★★★★★,핫뿌레이크 순살/1,"
맛
★
5
양
★
5
배달
★
3
",4.02
703,항상 맛나게 잘 먹고 있습니다따듯하고 바삭한 치킨잘먹었습니다,★★★★★,오곡 파닭 치킨/1(부위선택 택 1(순살（다리살）)),"
맛
★
5
양
★
5
배달
★
5
",4.6
704,맛있게 먹었어요 ㅎㅎ,★★★★★,핫뿌레이크 순살/1,"
맛
★
5
양
★
5
배달
★
5
",4.6
705,맛있게 잘먹었습니다,★★★★★,맵부심후라이드 스틱/1,"
맛
★
5
양
★
5
배달
★
5
",5.0
706,맛있게 잘먹었어요,★★★★★,고추단짠치킨 순살/1,"
맛
★
5
양
★
5
배달
★
5
",5.0
707,새로나온거라 그래서 먹어봤는데 맛있었어요,★★★★★,핫뿌레이크/1,"
맛
★
5
양
★
5
배달
★
5
",4.8
708,치킨이 엄청 뜨거웠어요주방에서 바로 튀겨서 먹는 느낌 바삭하고 감칠맛나고 맛있어용 ㅠㅠ 해시브라운 리뷰서비스도 증말로 맛있네요,★★★★★,핫뿌레이크 순살/1,"
맛
★
5
양
★
5
배달
★
5
",5.0
709,배달빠르고 잘 먹었습니다,★★★★★,단짠치킨/1,"
맛
★
5
양
★
5
배달
★
5
",5.0
710,아주좋은집입니다굿굿,★★★★★,핫뿌레이크/1,"
맛
★
5
양
★
5
배달
★
5
",5.0
711,언제나 깔끔하면서 고소한 후라이드가 제 입맛에 저격이네요,★★★★★,"치킨＋로제떡볶이 매운맛/1(치킨 선택 택 1(갈반핫반),세트 부위선택 택 1(한마리))","
맛
★
5
양
★
5
배달
★
5
",4.61
712,맛있게먹었어요빠른배달도 좋았네요,★★★★★,"치킨＋안심스틱/1(치킨 선택 택 1(후라이드),세트 부위선택 택 1(한마리))","
맛
★
4
양
★
5
배달
★
5
",5.0
713,또래오래는 실망시키지 않습니다,★★★★★,갈릭반＋핫양념반/1(옵션변경(한마리)),"
맛
★
5
양
★
5
배달
★
5
",3.8
714,맛있게 매워요  해쉬브라운 같이 먹으니까 딱이에요 감사합니다,★★★★★,오곡 후라이드 치킨/1(부위선택 택 1(한마리)),"
맛
★
5
양
★
5
배달
★
5
",4.6
715,너무 맛있어요 강추합니다 ,★★★★★,스모키양념 스틱/1,"
맛
★
5
양
★
5
배달
★
5
",5.0
716,신메뉴 맛있게 잘먹었어요,★★★★★,"치킨＋치즈볼/1(치킨 선택 택 1(후반양반),세트 부위선택 택 1(윙봉（날개）))","
맛
★
5
양
★
5
배달
★
5
",4.8
717,배달 빠르고 맛있습니다,★★★★★,오곡 후라이드 치킨/1(부위선택 택 1(순살（다리살）)),"
맛
★
5
양
★
5
배달
★
5
",4.4
718,핫양념 강추합니다,★★★★★,"치킨＋안심스틱/1(치킨 선택 택 1(후반양반),세트 부위선택 택 1(스틱（다리）),소스추가(맵부심만렙소스))","
맛
★
5
양
★
5
배달
★
5
",4.39
719,너무 맛있게 잘먹었어요 ,★★★★★,갈릭반＋핫양념반/1(옵션변경(한마리)),"
맛
★
5
양
★
5
배달
★
5
",5.0
720,새로운 메뉴 도전 이것도 별미네요,★★★★★,"후라이드반＋핫양념반/1(옵션변경(한마리),사이드 추가(국물떡볶이 매운맛)),해쉬브라운（8EA）/1","
맛
★
5
양
★
5
배달
★
5
",4.4
721,최애메뉴가 생겼네요 질리지않고 끝까지 진짜맛있게 먹었습니다,★★★★★,핫뿌레이크/1,"
맛
★
5
양
★
5
배달
★
5
",5.0
722,또래오래 최고 맛집 가산점 닭 품질이 좋아서 그런지 모든 메뉴 다 맛있어용,★★★★★,단짠치킨 순살/1,"
맛
★
5
양
★
5
배달
★
5
",5.0
723,신메뉴 할인하길래 사먹어봤는데생각 이상으로 엄청 맛있었습니다타사 메뉴 중 뿌링클 느낌이 좀 나는데 업그레이드한 느낌이랄까서비스로 주신 해쉬브라운도 잘먹었습니다감사합니다,★★★★★,"치킨＋안심스틱/1(치킨 선택 택 1(후반양반),세트 부위선택 택 1(한마리))","
맛
★
5
양
★
5
배달
★
5
",4.8
724,핫뿌레이크 첨 시켜봤는데 넘 맛있네요,★★★★★,"치킨＋치즈볼/1(치킨 선택 택 1(갈릭플러스),세트 부위선택 택 1(한마리))","
맛
★
5
양
★
5
배달
★
5
",4.2
725,늘 먹던 갈반핫반에 비해 조금 아쉽지만 나름 먹을만해요 소스는 꼭 찍어먹길,★★★★★,"치킨＋안심스틱/1(치킨 선택 택 1(갈릭플러스),세트 부위선택 택 1(스틱（다리）))","
맛
★
4
양
★
5
배달
★
5
",3.19
726,존맛탱구리 맛있네요,★★★★★,"치킨＋안심스틱/1(치킨 선택 택 1(단짠치킨),세트 부위선택 택 1(한마리))","
맛
★
5
양
★
5
배달
★
5
",5.0
727,소스같이 먹으니 맛이네요,★★★★★,갈릭반＋핫양념반/1(옵션변경(한마리)),"
맛
★
5
양
★
5
배달
★
5
",3.8
728,로제소스에  후라이드 찍어먹기 중독이에요  너무 맛있음,★★★★★,"치킨＋치즈볼/1(치킨 선택 택 1(후라이드),세트 부위선택 택 1(한마리))","
맛
★
5
양
★
4
배달
★
5
",5.0
729,살짝 매콤하고 치킨이 부드러워요배달도 빨라요,★★★★★,"치킨＋치즈볼/1(치킨 선택 택 1(후반양반),세트 부위선택 택 1(스틱（다리）))","
맛
★
5
양
★
5
배달
★
5
",3.79
730,맛있고 치킨이 부드러워요배달도 빨라요,★★★★★,"치킨＋로제떡볶이 매운맛/1(치킨 선택 택 1(갈반핫반),세트 부위선택 택 1(순살（다리살）))","
맛
★
5
양
★
5
배달
★
5
",4.8
731,맛있게 잘 먹었습니다,★★★★★,"치킨＋로제떡볶이 매운맛/1(치킨 선택 택 1(후반양반),세트 부위선택 택 1(한마리))","
맛
★
5
양
★
5
배달
★
5
",4.8
732,역시 바삭바삭 고소한 튀김옷은 최고예요양념 소스도 꿀맛ㄴㄴ치킨 먹다 튀김옷이 이상해지는 거 같아 요즘 맘에 쏙든 또래오래로 정착입니다맛있게 잘 먹었어요,★★★★★,"치킨＋바삭한근위튀김/1(치킨 선택 택 1(갈릭플러스),세트 부위선택 택 1(윙봉（날개）)),생맥주 1000cc/1","
맛
★
5
양
★
5
배달
★
5
",5.0
733,배달도 빠르고 서비스도 좋아요 맛납니다,★★★★★,"치킨＋안심스틱/1(치킨 선택 택 1(후반양반),세트 부위선택 택 1(한마리),소스추가(양념소스)),양념소스/1","
맛
★
5
양
★
5
배달
★
5
",5.0
734,주황색 후레이크라 어떨까싶엇는데 생각 이상으로 자극적이지 않아서 오히려 좋앗습니다,★★★★★,"치킨＋로제떡볶이 매운맛/1(치킨 선택 택 1(후라이드),세트 부위선택 택 1(한마리))","
맛
★
5
양
★
5
배달
★
5
",3.8
735,후라이드보다 좀 더 재밌는 맛이에여,★★★★★,오곡 양념 치킨/1(부위선택 택 1(한마리)),"
맛
★
5
양
★
5
배달
★
5
",3.97
736,항상맛있습니다 또 주문할게요,★★★★★,"치킨＋로제떡볶이 매운맛/1(치킨 선택 택 1(갈반핫반),세트 부위선택 택 1(한마리))","
맛
★
5
양
★
5
배달
★
5
",4.81
737,치ㅣㄴ은 여기서만머겅여 ㅎ,★★★★★,"치킨＋치즈볼/1(치킨 선택 택 1(갈릭플러스),세트 부위선택 택 1(한마리))","
맛
★
5
양
★
5
배달
★
5
",3.44
738,치킨이맛있어서그런가 신메뉴도나쁘지않네요굿,★★★★★,"치킨＋바삭한근위튀김/1(치킨 선택 택 1(후반양반),세트 부위선택 택 1(한마리))","
맛
★
5
양
★
5
배달
★
5
",4.6
739,맛있게 잘 먹었습니다,★★★★★,오곡 갈릭플러스 치킨/1(부위선택 택 1(윙봉（날개）)),"
맛
★
5
양
★
5
배달
★
5
",4.8
740,잘먹었습니다 감사합니다,★★★★★,"치킨＋로제떡볶이 매운맛/1(치킨 선택 택 1(후반양반),세트 부위선택 택 1(스틱（다리）))","
맛
★
5
양
★
5
배달
★
5
",5.0
741,어제 조각 남기고 순식간에 먹었습니다,★★★★★,"치킨＋치즈볼/1(치킨 선택 택 1(후라이드),세트 부위선택 택 1(한마리),소스추가(양념소스),음료 택 1(콜라 1.25L 추가))","
맛
★
5
양
★
5
배달
★
5
",3.38
742,넘 맛있게 잘 먹었어요,★★★★★,"치킨＋바삭한근위튀김/1(치킨 선택 택 1(후반양반),세트 부위선택 택 1(한마리))","
맛
★
5
양
★
5
배달
★
5
",5.0
743,맛있게 잘 먹었습니다 서비스로 주신 해쉬브라운도 맛있어요,★★★★★,"치킨＋치즈볼/1(치킨 선택 택 1(갈반핫반),세트 부위선택 택 1(한마리))","
맛
★
5
양
★
5
배달
★
5
",5.0
744,항상 믿고 먹는곳맛 양 모두 훌륭합니다,★★★★★,"치킨＋로제떡볶이 매운맛/1(치킨 선택 택 1(후반양반),세트 부위선택 택 1(한마리),사이드 추가(해쉬브라운（8EA）))","
맛
★
5
양
★
5
배달
★
5
",4.8
745,역시 치킨은 또래오래,★★★★★,"치킨＋안심스틱/1(치킨 선택 택 1(갈릭플러스),세트 부위선택 택 1(한마리))","
맛
★
5
양
★
5
배달
★
5
",4.26
746,역시 언제나 최고네요 핫뿌레이크 신메뉴도 스낵같고 좋아요,★★★★★,"치킨＋치즈볼/1(치킨 선택 택 1(후라이드),세트 부위선택 택 1(순살（다리살）))","
맛
★
5
양
★
5
배달
★
5
",4.8
747,맛있었습니다자주는 아니더라도 가끔 시켜 먹을거 같습니다,★★★★★,"치킨＋안심스틱/1(치킨 선택 택 1(후라이드),세트 부위선택 택 1(한마리),소스추가(핫양념소스))","
맛
★
5
양
★
5
배달
★
5
",4.79
748,아이들이 좋아하네요 맛잇지만 배달이 한시간도 더 걸리네요 바로근처인데요 ㅠㅠ,★,"치킨＋미니핫도그/1(치킨 선택 택 1(후라이드),세트 부위선택 택 1(한마리))","
맛
★
4
양
★
4
배달
★
1
",3.78
749,새로운 메뉴라 시켰는데 맛이 그냥 저냥 입니다,★★★★,"치킨＋미니핫도그/1(치킨 선택 택 1(후라이드),세트 부위선택 택 1(한마리))","
맛
★
3
양
★
5
배달
★
5
",1.6
750,전날 본가에서 치킨 먹었는데도 또래오래가 생각나서 시켰습니다또래오래 중에서도 독산가산점이 최고인거 같아요  잘먹었습니다,★★★★★,"치킨＋안심스틱/1(치킨 선택 택 1(갈릭플러스),세트 부위선택 택 1(한마리))","
맛
★
5
양
★
5
배달
★
5
",3.21
751,맛있게먹었읍니다ㅎㅎ,★★★★★,"치킨＋바삭한근위튀김/1(치킨 선택 택 1(후라이드),세트 부위선택 택 1(스틱（다리）))","
맛
★
5
양
★
5
배달
★
5
",4.6
752,맛이야 머 검증된 메뉴라 더 얘기할게없네여배달마저 빠르니 굿입니다,★★★★★,단짠 스틱/1,"
맛
★
5
양
★
5
배달
★
5
",4.4
753,부모님 최애 치킨집 잘먹었습니다,★★★★★,"치킨＋바삭한근위튀김/1(치킨 선택 택 1(후라이드),세트 부위선택 택 1(한마리))","
맛
★
5
양
★
5
배달
★
5
",4.8
754,진짜 튀김이 바삭바삭하고 너무너무 맛있어요,★★★★★,"치킨＋치즈볼/1(치킨 선택 택 1(갈반핫반),세트 부위선택 택 1(스틱（다리）))","
맛
★
5
양
★
5
배달
★
5
",4.8
755,간장맛 치킨 치즈볼 너무 맛있어요,★★★★★,후라이드반＋갈릭반/1(옵션변경(한마리)),"
맛
★
5
양
★
5
배달
★
5
",4.8
756,매콤한 양념에 튀김이 만족스럽네요,★★★★★,"치킨＋안심스틱/1(치킨 선택 택 1(후라이드),세트 부위선택 택 1(한마리))","
맛
★
5
양
★
5
배달
★
5
",4.58
757,맛있게 잘먹었습니다,★★★★★,"맵부심 후라이드 순살/1,생맥주 1000cc/1","
맛
★
5
양
★
5
배달
★
5
",5.0
758,배달빠르고 맛있네요잘 먹었습니다,★★★★★,"치킨＋로제떡볶이 매운맛/1(치킨 선택 택 1(후반양반),세트 부위선택 택 1(한마리))","
맛
★
5
양
★
5
배달
★
5
",5.0
759,맛있게 잘먹었습니다,★★★★★,오곡 양념 치킨/1(부위선택 택 1(한마리)),"
맛
★
5
양
★
5
배달
★
5
",5.0
761,배달도 빠르고 맛있어요,★★★★★,"두마리 치킨/1(두마리 치킨1 선택 택 1(양념),두마리 치킨2 선택 택 1(후라이드))","
맛
★
5
양
★
5
배달
★
5
",4.61
762,어제 또래오래 파닭을 처음으로 먹어봤습니다소스의 맛이 일품이고 파와 닭의 조화가 정말 최고였어요 서비스로 주신 김말이도 정말 맛있게 잘 먹었습니다 사장님,★★★★★,"치킨＋바삭한근위튀김/1(치킨 선택 택 1(후반양반),세트 부위선택 택 1(한마리))","
맛
★
5
양
★
5
배달
★
5
",4.8
763,이번주도 또 시켰어요 로제떡볶이가 안되어서 너무나 아쉬워요 그래도 떡볶이 매콤하게 맛있었어요 아이들 먹긴 맵고요 해쉬브라운과 치킨은 말해뭐해요 튀김은 바삭하고 양념은 약간 매콤하지만 중독적입니다 당분간 또래오래 독산점 홀릭,★★★★★,오곡 후라이드 치킨/1(부위선택 택 1(한마리)),"
맛
★
5
양
★
5
배달
★
5
",2.4
764,치킨에 살짝 매콤 짭짤하면서 새콤 달달한 맛도 나는게 콘듀치킨을 반전 해놓은 듯한 맛,★★★★★,"치킨＋로제떡볶이 매운맛/1(치킨 선택 택 1(갈반핫반),세트 부위선택 택 1(한마리))","
맛
★
5
양
★
5
배달
★
5
",3.79
765,단짠이 짱 맛있어요순살이 다리살이라 넘 좋네요떡도 어쩜 이렇게 말랑말랑 맛있떡다음에 또봐요,★★★★★,"치킨＋바삭한근위튀김/1(치킨 선택 택 1(후라이드),세트 부위선택 택 1(스틱（다리）))","
맛
★
5
양
★
5
배달
★
5
",5.0
766,치킨먹을때는 여기서 많이먹어요 리뷰 이벤트도 미쳤어용,★★★★★,"맛강정/1(부위선택 택 1(한마리),사이드 추가(안심스틱))","
맛
★
5
양
★
5
배달
★
5
",5.0
767,명불허전 또래오래 역시 맛있었습니다근데 세트할인메뉴에 양념치킨 한마리도 추가해주시면 좋을거 같아요 ㅠㅠㅠ 후반양반 아님 갈반핫반밖에 없어서 ㅜㅜ,★★★★★,"치킨＋안심스틱/1(치킨 선택 택 1(갈릭플러스),세트 부위선택 택 1(한마리))","
맛
★
5
양
★
5
배달
★
5
",5.0
768,또래오래 중에 여기가 젤 맛있는것같아요 리뷰로 온 해쉬브라운도 기름쩐맛 안나구 맛있게먹었고 갈릭반 핫양념반은 말해 뭐합니까  환상의 조합,★★★★★,"치킨＋안심스틱/1(치킨 선택 택 1(갈반핫반),세트 부위선택 택 1(한마리),음료 택 1(콜라 1.25L 추가))","
맛
★
5
양
★
5
배달
★
5
",4.22
769,늘 맛있는 맛 ㅋㅋㅋ,★★★★★,"치킨＋치즈볼/1(치킨 선택 택 1(갈릭플러스),세트 부위선택 택 1(한마리))","
맛
★
5
양
★
5
배달
★
5
",4.79
770,맛있어요 서비스도 좋아용,★★★★★,"치킨＋치즈볼/1(치킨 선택 택 1(갈릭플러스),세트 부위선택 택 1(한마리))","
맛
★
5
양
★
5
배달
★
5
",5.0
771,항상 맛있게 잘 먹었습니다,★★★★★,"치킨＋치즈볼/1(치킨 선택 택 1(갈릭플러스),세트 부위선택 택 1(스틱（다리）))","
맛
★
5
양
★
5
배달
★
5
",4.81
772,맛있게 잘먹었습니다 ,★★★★★,"치킨＋치즈볼/1(치킨 선택 택 1(갈반핫반),세트 부위선택 택 1(한마리))","
맛
★
5
양
★
5
배달
★
5
",5.0
773,오늘도 맛있게 잘 먹었습니다 항상 요청사항 빠짐없이 잘 챙겨주시고 서비스도 잘 챙겨주셔서 감사해요,★★★★★,"치킨＋안심스틱/1(치킨 선택 택 1(갈릭플러스),세트 부위선택 택 1(한마리))","
맛
★
5
양
★
5
배달
★
5
",4.81
774,맛있습니다,★★★★★,"치킨＋로제떡볶이 매운맛/1(치킨 선택 택 1(후라이드),세트 부위선택 택 1(한마리))","
맛
★
5
양
★
5
배달
★
5
",4.8
775,맛있게 잘 먹었습니다,★★★★★,"치킨＋바삭한근위튀김/1(치킨 선택 택 1(후반양반),세트 부위선택 택 1(한마리))","
맛
★
5
양
★
5
배달
★
5
",4.8
776,항상 맛있어요오 ㅎㅎ,★★★★★,"치킨＋미니핫도그/1(치킨 선택 택 1(단짠치킨),세트 부위선택 택 1(윙봉（날개）),음료 택 1(콜라 1.25L 추가))","
맛
★
5
양
★
5
배달
★
5
",4.81
777,맛있게 잘 먹었어요,★★★★★,"치킨＋바삭한근위튀김/1(치킨 선택 택 1(후라이드),세트 부위선택 택 1(콤보（날개＋다리）))","
맛
★
5
양
★
5
배달
★
5
",4.8
778,넘 맛잇게 잘먹엇습니다,★★★★★,"치킨＋치즈볼/1(치킨 선택 택 1(후라이드),세트 부위선택 택 1(한마리))","
맛
★
5
양
★
5
배달
★
5
",5.0
779,후반양반 냠냠매번 잘먹고있어요 어떤메뉴를 시켜도 맛있어서 시킬때마다 고민해여 ㅋㅋ,★★★★★,"치킨＋바삭한근위튀김/1(치킨 선택 택 1(후반양반),세트 부위선택 택 1(한마리))","
맛
★
5
양
★
5
배달
★
5
",4.6
780,떡볶이 살짝살짝 매운게 맛있네요ㅎㅎ 치킨은 맵단의 진수를 보여주고요리뷰이벤트 감사합니다,★★★★★,"치킨＋로제떡볶이 매운맛/1(치킨 선택 택 1(갈반핫반),세트 부위선택 택 1(한마리))","
맛
★
5
양
★
5
배달
★
5
",4.59
781,처음 먹어보는데 맛있게 잘 먹었습니다ㅎㅎ,★★★★★,"치킨＋로제떡볶이 매운맛/1(치킨 선택 택 1(후라이드),세트 부위선택 택 1(한마리))","
맛
★
5
양
★
5
배달
★
5
",4.6
782,잘먹었습니다,★★★★★,"치킨＋치즈볼/1(치킨 선택 택 1(갈릭플러스),세트 부위선택 택 1(윙봉（날개）))","
맛
★
5
양
★
5
배달
★
5
",5.0
783,로제떡볶인데 전혀 느끼하지 않고 맵고 맛있어요 치킨도 엄청 따뜻할 때 받아서 가게에서 먹는 느낌이었구요 ㅎㅎ 사장님도 친절하셔서 또또 주문하겠습니다,★★★★★,"치킨＋치즈볼/1(치킨 선택 택 1(단짠치킨),세트 부위선택 택 1(한마리))","
맛
★
5
양
★
5
배달
★
5
",4.8
784,간장치킨 맛있네요,★★★★,오곡 후라이드 치킨/1(부위선택 택 1(순살（다리살）)),"
맛
★
4
양
★
4
배달
★
3
",4.39
785,감사히 잘 먹었습니다,★★★★★,"치킨＋치즈볼/1(치킨 선택 택 1(후반양반),세트 부위선택 택 1(한마리))","
맛
★
5
양
★
5
배달
★
5
",5.0
786,맛있어요,★★★★★,"치킨＋로제떡볶이 매운맛/1(치킨 선택 택 1(후라이드),세트 부위선택 택 1(한마리))","
맛
★
5
양
★
5
배달
★
5
",5.0
787,너무 잘먹었어요 ㅎㅎ 맛있네요 ㅎㅎ,★★★★★,"치킨＋안심스틱/1(치킨 선택 택 1(갈릭플러스),세트 부위선택 택 1(한마리))","
맛
★
5
양
★
5
배달
★
5
",5.0
788,맛있게 잘 먹었습니다ㅎ,★★★★★,"치킨＋치즈볼/1(치킨 선택 택 1(갈반핫반),세트 부위선택 택 1(윙봉（날개）))","
맛
★
5
양
★
5
배달
★
5
",5.0
789,굿굿 구구구루루루굿,★★★★★,맵부심 후라이드 한마리/1,"
맛
★
5
양
★
5
배달
★
5
",5.0
790,배달도 빠르고치킨도 맛있게 잘먹었네요감사합니다,★★★★★,"치킨＋바삭한근위튀김/1(치킨 선택 택 1(후반양반),세트 부위선택 택 1(윙봉（날개）)),생맥주 1000cc/1","
맛
★
5
양
★
5
배달
★
5
",5.0
791,맛있게 잘 먹었어요,★★★★★,"치킨＋바삭한근위튀김/1(치킨 선택 택 1(후라이드),세트 부위선택 택 1(한마리))","
맛
★
5
양
★
5
배달
★
5
",4.8
792,아니 무슨 양이이랗게나 많아요  ㅠㅠ짐짜 무슨 두마리ㅡ인줄 알았어요ㅠㅠ서비스 떡튀김두 너무 맛나고 배달도 총알  ㅠㅠㅠ,★★★★★,오곡 후라이드 치킨/1(부위선택 택 1(한마리)),"
맛
★
5
양
★
5
배달
★
5
",4.16
793,치킨 김말이 따끈따끈하고 맛있어요,★★★★★,"치킨＋바삭한근위튀김/1(치킨 선택 택 1(단짠치킨),세트 부위선택 택 1(한마리))","
맛
★
5
양
★
5
배달
★
5
",3.97
794,또래오래는 역시 갈릭플러스,★★★★★,고추단짠 한마리/1,"
맛
★
5
양
★
5
배달
★
5
",4.2
795,떡볶이가 새로 생겼길래 먹어봤는데 맛있네요 치킨도 같이 잘 먹었습니다,★★★★★,"치킨＋바삭한근위튀김/1(치킨 선택 택 1(갈반핫반),세트 부위선택 택 1(한마리))","
맛
★
5
양
★
5
배달
★
5
",4.2
796,양도 많고  맛도 너무 좋아요,★★★★★,콘듀 한마리/1,"
맛
★
5
양
★
5
배달
★
5
",5.0
797,맛있어요,★★★★★,"치킨＋로제떡볶이 매운맛/1(치킨 선택 택 1(갈반핫반),세트 부위선택 택 1(한마리))","
맛
★
5
양
★
5
배달
★
5
",5.0
798,푸짐하게 맛있게 잘먹었습니다 늘 변함없는 맛이 좋아요,★★★★★,단짠 윙봉/1,"
맛
★
5
양
★
5
배달
★
5
",4.4
799,맛있습니다 배달도 빠르네요 ㅎㅎ,★★★★★,단짠 순살/1,"
맛
★
5
양
★
5
배달
★
5
",4.8
800,정말 만족했어요 일부러 로긴하고 사진도 찍었네요 해쉬브라운이랑 후라이드도 바삭하고 깨끗하고 양념도 맛있네요 떡볶이는 기대안했는데 매우면서도 부드러워서 술술 넘어가요 행사할인해서 세식구 푸짐하게 먹었습니다  매번 교 만 먹었는데 당분간 여기로 갈아탈게요,★★★★★,"치킨＋치즈볼/1(치킨 선택 택 1(갈반핫반),세트 부위선택 택 1(한마리))","
맛
★
5
양
★
5
배달
★
5
",5.0
801,오늘도 잘 먹엇습니다,★★★★★,"치킨＋안심스틱/1(치킨 선택 택 1(갈릭플러스),세트 부위선택 택 1(한마리))","
맛
★
5
양
★
5
배달
★
5
",5.0
802,언제나 맛있어요ㅠㅠㅠㅠ잘 먹었습니다,★★★★★,"후라이드반＋양념반/1(옵션변경(콤보（날개＋다리）),음료 택 1(콜라 1.25L 추가))","
맛
★
5
양
★
5
배달
★
5
",4.4
803,후라이드 짱 맛잇어영,★★★★★,"치킨＋로제떡볶이 매운맛/1(치킨 선택 택 1(단짠치킨),세트 부위선택 택 1(윙봉（날개）))","
맛
★
5
양
★
5
배달
★
5
",5.0
804,후라이드치킨은 또래오래를 이길집이 없어요순살이 이렇게 촉촉하기가 힘들거든요,★★★★★,오곡 양념 치킨/1(부위선택 택 1(한마리)),"
맛
★
5
양
★
5
배달
★
5
",1.6
805,변함 없이 기복 없이 맛있는 치킨집이에요 오늘도 맛있게 먹었습니다,★★★★★,양념반＋갈릭반/1(옵션변경(한마리)),"
맛
★
5
양
★
5
배달
★
5
",4.6
806,맛있게 잘먹었습니다,★★★★★,오곡 양념 치킨/1(부위선택 택 1(순살（다리살）)),"
맛
★
5
양
★
5
배달
★
5
",5.0
807,맛과양은 만족스럽습니다배달은 건수가 많았는지 좀 늦게도착했네요,★★★★,"치킨＋치즈볼/1(치킨 선택 택 1(후라이드),세트 부위선택 택 1(한마리),소스추가(양념소스))","
맛
★
4
양
★
4
배달
★
3
",4.39
808,항상 너무 좋네요 역시 전국 등 매장이에요,★★★★★,"치킨＋바삭한근위튀김/1(치킨 선택 택 1(후반양반),세트 부위선택 택 1(한마리))","
맛
★
5
양
★
5
배달
★
5
",5.0
809,맛있게 잘 먹었습니다,★★★★★,"치킨＋바삭한근위튀김/1(치킨 선택 택 1(후반양반),세트 부위선택 택 1(콤보（날개＋다리）))","
맛
★
5
양
★
5
배달
★
5
",4.8
810,애들이 먹고싶데서 단짠 으로시켰어요다리만시켜서 애들 순삭 맛있습니다,★★★★★,"치킨＋안심스틱/1(치킨 선택 택 1(갈반핫반),세트 부위선택 택 1(한마리),소스추가(허니머스타드소스))","
맛
★
5
양
★
5
배달
★
5
",2.63
811,배달빠르고 서비스좋고 너무 맛있습니다,★★★★★,"치킨＋바삭한근위튀김/1(치킨 선택 택 1(후라이드),세트 부위선택 택 1(콤보（날개＋다리）))","
맛
★
5
양
★
5
배달
★
5
",5.0
812,항상 마싯게 먹고 잇읍니다,★★★★★,"치킨＋안심스틱/1(치킨 선택 택 1(후라이드),세트 부위선택 택 1(한마리))","
맛
★
5
양
★
5
배달
★
5
",4.79
813,갈릭맛 특히 맛나요물가가 엄청 오르는데 아직  다른 치킨집보다 저렴한데다 맛도 넘 맛나고 치킨 좋아하는 사람으로 넘 고맙습니당 ,★★★★★,"두마리 치킨/1(두마리 치킨1 선택 택 1(후라이드),두마리 치킨2 선택 택 1(양념))","
맛
★
5
양
★
5
배달
★
5
",3.21
814,맛있게 잘먹었습니다,★★★★★,"치킨＋바삭한근위튀김/1(치킨 선택 택 1(후반양반),세트 부위선택 택 1(한마리))","
맛
★
5
양
★
5
배달
★
5
",5.0
815,맵부심 후라이드스틱  먹어보그 시켰는데 너무 차이나게 맵습니다 조금 덜 매우면 좋을거 같아요사장님 항상 친철하시고 너무 맛있습니다,★★★★,단짠 순살/1(음료 택 1(콜라 1.25L 추가)),"
맛
★
4
양
★
5
배달
★
5
",4.02
816,또래오래에서 떡볶이는 또 처음 시켜봤는데 진짜 맛있네요 요즘 타브랜드보다 튀김옷도 더 바삭하고 맛있어 또래오래 애정 중인데 떡볶이 퀄리티까지 대단하네요 맛있게잘 먹었고 또 시켜먹을게요,★★★★★,양념반＋갈릭반/1(옵션변경(한마리)),"
맛
★
5
양
★
5
배달
★
5
",3.19
817,예상시간보다 일찍와주시고 기사님도 친절하셔서 좋았습니다 잘먹었습니다ㅎ,★★★★★,"치킨＋미니핫도그/1(치킨 선택 택 1(후반양반),세트 부위선택 택 1(한마리))","
맛
★
5
양
★
5
배달
★
5
",4.8
818,맛있게 잘먹었어요 ㅎㅎ,★★★★★,"치킨＋안심스틱/1(치킨 선택 택 1(후반양반),세트 부위선택 택 1(한마리))","
맛
★
5
양
★
5
배달
★
5
",5.0
819,오늘따라 너무 잘튀겨진 느낌입니다 맛있습니다,★★★★★,"치킨＋바삭한근위튀김/1(치킨 선택 택 1(후라이드),세트 부위선택 택 1(콤보（날개＋다리）))","
맛
★
5
양
★
5
배달
★
5
",4.8
820,닭근위 튀김이랑 치킨 맛있어요,★★★★★,오곡 후라이드 치킨/1(부위선택 택 1(한마리)),"
맛
★
5
양
★
5
배달
★
5
",3.97
821,처음 딱 입에 넣는순간 너무 맛있었어요바삭하고 촉촉하고 다만계속 먹다보니 물려서 다음에 반반해야겠네요ㅠ애들이 먹기좋게 맵지읺아요,★★★★★,오곡 갈릭플러스 치킨/1(부위선택 택 1(한마리)),"
맛
★
5
양
★
5
배달
★
5
",5.0
822,항상 맛있게 먹고 있습니다근데 이번엔 먼가 닭이 작아진 느낌이소스도 너무 없어요원래 소스 푸짐하게 주셔서 소스에 계속 찍어먹었었는디음,★★★★★,갈릭반＋핫양념반/1(옵션변경(한마리)),"
맛
★
5
양
★
5
배달
★
5
",2.63
823,단짠넘 조아여일주일에 한번씩은 꼭 찾게됩니당,★★★★★,오곡 양념 치킨/1(부위선택 택 1(한마리)),"
맛
★
5
양
★
5
배달
★
5
",4.4
824,치킨도 근위튀김도따뜻하고 바삭해서아주 잘 먹었습니다,★★★★★,단짠 한마리/1,"
맛
★
5
양
★
5
배달
★
5
",4.61
825,맛있게 잘 먹었습니다,★★★★★,오곡 후라이드 치킨/1(부위선택 택 1(한마리)),"
맛
★
5
양
★
5
배달
★
5
",4.8
826,맛있게 잘 먹었습니다,★★★★★,오곡 갈릭플러스 치킨/1(부위선택 택 1(콤보（날개＋다리）)),"
맛
★
5
양
★
5
배달
★
5
",4.8
827,맛있게 잘 먹었습니다,★★★★★,맵부심 후라이드 윙봉/1,"
맛
★
5
양
★
5
배달
★
5
",4.8
828,맛있게 먹었습니다,★★★★★,단짠 한마리/1,"
맛
★
5
양
★
5
배달
★
5
",4.59
829,맛있게 잘 먹었습니다,★★★★★,맵부심 후라이드 한마리/1,"
맛
★
5
양
★
5
배달
★
5
",4.8
830,따뜻한 치킨이 제일 맛있는 것 같아요 감사합니다,★★★★★,"치킨＋바삭한근위튀김/1(치킨 선택 택 1(갈반핫반),세트 부위선택 택 1(순살（다리살）))","
맛
★
5
양
★
5
배달
★
5
",5.0
831,가까워서 자주 불러먹어요 맛나내요,★★★★★,단짠 순살/1,"
맛
★
5
양
★
5
배달
★
5
",4.59
832,최애 단짠윙봉 맛있습니다,★★★★★,맵부심 후라이드 순살/1,"
맛
★
5
양
★
5
배달
★
5
",5.0
833,배달도 빠르고 오늘도 맛있게 잘 먹었습니다 ,★★★★★,오곡 갈릭플러스 치킨/1(부위선택 택 1(콤보（날개＋다리）)),"
맛
★
5
양
★
5
배달
★
5
",5.0
834,배달 빠르고 양도 많고 정말 맛있습니다,★★★★★,오곡 후라이드 치킨/1(부위선택 택 1(한마리)),"
맛
★
5
양
★
5
배달
★
5
",4.8
835,안심스틱 부드러워서 요즘 자주먹네요,★★★★★,오곡 후라이드 치킨/1(부위선택 택 1(순살（다리살）)),"
맛
★
5
양
★
5
배달
★
5
",4.39
836,너무너무너무맛있게 잘 먹었습니다,★★★★★,후라이드반＋양념반/1(옵션변경(한마리)),"
맛
★
5
양
★
5
배달
★
5
",5.0
837,배달이 생각보다 빨리와서 좋았어요로제 떡볶이 국물에 찍어 먹어도 맛있어요,★★★★★,스모키양념 순살/1,"
맛
★
5
양
★
5
배달
★
5
",5.0
838,근위튀김 너무 맛있어요,★★★★★,갈릭반＋핫양념반/1(옵션변경(한마리)),"
맛
★
5
양
★
5
배달
★
5
",4.8
839,맛있게 잘먹었어요,★★★★★,"치킨＋바삭한근위튀김/1(치킨 선택 택 1(갈반핫반),세트 부위선택 택 1(한마리))","
맛
★
5
양
★
5
배달
★
5
",5.0
840,넘맛있어요 늘주문해요,★★★★★,후라이드반＋양념반/1(옵션변경(한마리)),"
맛
★
5
양
★
5
배달
★
5
",4.81
841,행사중인데도 배송도 빨리오고 맛있게 잘먹었습니다,★★★★★,오곡 후라이드 치킨/1(부위선택 택 1(한마리)),"
맛
★
5
양
★
5
배달
★
5
",5.0
842,늘 맛있게 먹고 있어요,★★★★★,콘듀 한마리/1,"
맛
★
5
양
★
5
배달
★
5
",4.79
843,맛있게 잘 먹었습니다 번창하세요,★★★★★,단짠 순살/1,"
맛
★
5
양
★
5
배달
★
4
",5.0
844,기름이 깨끗해서 그런지 치킨이 너무너무 고소하고 맛나요갠적으로 치킨잡내 매우 민감한데 그런거 전혀 없이 잘 먹었습니다,★★★★★,단짠 한마리/1,"
맛
★
5
양
★
5
배달
★
5
",4.03
845,오늘도 맛있게 잘 먹었습니다 사장님미니 핫도그는 처음 먹어봤는데 이것도 맛있네요 쫀득쫀득하고 너무 대박이에요 치즈볼 포테이토 치즈볼 미니핫도그 전부 맛있어서 앞으로 메뉴고를때 행복한 고민을 할 것 같아요ㅎㅎ서비스로 더 챙겨주신 김말이도 너무 맛있게 잘 먹었습니다,★★★★★,단짠 스틱/1,"
맛
★
5
양
★
5
배달
★
5
",5.0
846,맛있었습니다 ㅎㅎㅎ,★★★★★,후라이드반＋양념반/1(옵션변경(한마리)),"
맛
★
5
양
★
5
배달
★
5
",5.0
847,가끔 시켜먹는데 항상 너무 맛있어요서비스 해쉬브라운도 잘먹을게요,★★★★★,단짠 한마리/1,"
맛
★
5
양
★
5
배달
★
5
",4.79
848,또래오래 갈릭 넘넘 맛있어요 최고최고 치즈볼도 색깔도 넘 예쁘고 고소하고 쫄깃하고 맛있어요,★★★★★,갈릭반＋핫양념반/1(옵션변경(한마리)),"
맛
★
5
양
★
5
배달
★
5
",5.0
849,리뷰 쓰는거 까먹고있다가 지금 올려요 또래오래 자주시켜먹는데 역시 실망시키지 않는 맛입니다 ㅎㅎ,★★★★★,갈릭반＋핫양념반/1(옵션변경(한마리)),"
맛
★
5
양
★
5
배달
★
5
",1.0
850,다리살만으로 시켰는데 왜 중간중간 가슴살이 있죠 개면 그냥 먹겟는데 좀 많네요또래오래 맛있는데 여기지점은 안시켜먹을거 같네요 수고하세요,★★,단짠 순살/1,"
맛
★
2
양
★
4
배달
★
5
",3.58
851,처음 먹어봤는데 너무 맛있어요,★★★★★,오곡 후라이드 치킨/1(부위선택 택 1(순살（다리살）)),"
맛
★
5
양
★
5
배달
★
5
",5.0
852,맛있게 잘먹었습니다치킨은 너무 다 먹어서 치킨 사진이 없네요ㅠㅠ,★★★★★,오곡 갈릭플러스 치킨/1(부위선택 택 1(스틱（다리）)),"
맛
★
5
양
★
5
배달
★
5
",5.0
853,믿고먹는 또래오라 갈릭,★★★★★,양념반＋갈릭반/1(옵션변경(순살（다리살）)),"
맛
★
5
양
★
5
배달
★
5
",5.0
854,존맛입니다 정말 최고임ㅎㅎ,★★★★★,단짠 한마리/1,"
맛
★
5
양
★
5
배달
★
5
",5.0
855,맛있게 잘먹었습니다 헤헤,★★★★★,단짠 한마리/1,"
맛
★
5
양
★
5
배달
★
5
",5.0
856,맛있엇어요매콤하고 별로 안느끼해서 좋아요,★★★★★,고추단짠 한마리/1,"
맛
★
5
양
★
5
배달
★
5
",4.8
857,너무맛있고 따뜻해서 잘먹었습니다많이 파세요,★★★★★,후라이드반＋양념반/1(옵션변경(한마리)),"
맛
★
5
양
★
5
배달
★
5
",5.0
858,맛있게 잘 먹었습니다 ㅎㅎ,★★★★★,"갈릭반＋핫양념반/1(옵션변경(한마리),사이드 추가(바삭한근위튀김))","
맛
★
5
양
★
5
배달
★
5
",5.0
859,역시 또래오래치킨도 최고더운 여름밤 시원한 생맥도 최고이집 생맥보다 맛있는 생맥이 없어요 여기가 생맥맛집치즈볼도 쫀득쫀득달콤 고소 아주 그냥 최고매콤한 떡볶이도 최고사장님의 정성담긴 서비스도 최고오늘도 정말 맛있게 잘 먹었습니다 사장님,★★★★★,오곡 후라이드 치킨/1(부위선택 택 1(한마리)),"
맛
★
5
양
★
5
배달
★
5
",5.0
860,사진찍는걸 깜빡하고 먹었네요예전껄로 올려요맛잇게먹었습니다,★★★★,갈릭반＋핫양념반/1(옵션변경(한마리)),"
맛
★
4
양
★
4
배달
★
4
",4.4
861,단짠이  맛있네요,★★★★★,"두마리 순살/1(두마리 치킨1 선택 택 1(양념),두마리 치킨2 선택 택 1(양념))","
맛
★
5
양
★
5
배달
★
5
",4.4
862,치킨은 원래 맛있는데로제떡볶이도 맛있었습니다,★★★★★,"치킨＋로제떡볶이 매운맛/1(치킨 선택 택 1(단짠치킨),세트 부위선택 택 1(한마리))","
맛
★
5
양
★
5
배달
★
5
",4.02
863,김말이랑 맛있게 잘먹었어요,★★★★★,스모키양념 순살/1,"
맛
★
5
양
★
5
배달
★
5
",5.0
864,넘 맛있어서 일에 한번 시켜먹어도 안질려요 제가 냄새에 예민한데 닭 자체가 넘넘 맛있어여  갈반핫반 쵝오,★★★★★,갈릭반＋핫양념반/1(옵션변경(콤보（날개＋다리）)),"
맛
★
5
양
★
5
배달
★
5
",4.21
865,늘잘먹고잇어요 감사합니다,★★★★★,오곡 후라이드 치킨/1(부위선택 택 1(한마리)),"
맛
★
5
양
★
5
배달
★
5
",5.0
866,항상 믿고 먹는 또래오래 독산가산점,★★★★★,오곡 파닭 치킨/1(부위선택 택 1(순살（다리살）)),"
맛
★
5
양
★
5
배달
★
5
",5.0
867,갈반핫반은 진리죠 특히 핫양념 너무 맛있어요 로제떡볶이는 제 기준에는 맵지 않았지만 맛있게 먹었습니다 비 오는 날임에도 불구하고 배달해주셔서 감사합니다 잘 먹었습니다,★★★★★,단짠 한마리/1,"
맛
★
5
양
★
5
배달
★
5
",4.79
868,역시 여기지점 갈반핫반 최고입니다짱마시씀,★★★★★,맵부심 양념 한마리/1,"
맛
★
5
양
★
5
배달
★
5
",5.0
869,도저히 끊을 수 없는 갈반핫반오늘도 저질렀읍니다,★★★★★,고추단짠 한마리/1,"
맛
★
5
양
★
5
배달
★
5
",3.2
870,받자마자 맛있는냄새에 사진 찍을 생각도 못하고 부랴부랴 먹고 찍음ㅋㅋㅋㅋㅋㅋ 촉촉하고 너무맛잇어요 솔직히 우리나라 티어,★★★★★,고추단짠 순살/1,"
맛
★
5
양
★
5
배달
★
5
",5.0
871,맛있게 잘 먹엇습니다,★★★★★,단짠 한마리/1,"
맛
★
5
양
★
5
배달
★
5
",5.0
872,너무 맛있게 잘 먹었습니다,★★★★★,"치킨＋안심스틱/1(치킨 선택 택 1(후라이드),세트 부위선택 택 1(윙봉（날개）))","
맛
★
5
양
★
5
배달
★
5
",5.0
873,후반양반 먹어보고 갈반핫반도 먹어봤습니다 저한태는 좀 맵내요,★★★★★,"치킨＋치즈볼/1(치킨 선택 택 1(갈반핫반),세트 부위선택 택 1(한마리))","
맛
★
5
양
★
5
배달
★
5
",2.84
874,배달 맛 양 모두 강추,★★★★★,후라이드반＋양념반/1(옵션변경(한마리)),"
맛
★
5
양
★
5
배달
★
5
",5.0
875,또래오래를 처음 시켜봤는데 맛있네여 다음에 또 시킬려고요 ㅋㅋㅋ 양도 적당하규 배달도 빨랐어요,★★★★★,"치킨＋치즈볼/1(치킨 선택 택 1(후반양반),세트 부위선택 택 1(순살（다리살）))","
맛
★
5
양
★
5
배달
★
5
",5.0
876,맛있게 잘 먹었습니다,★★★★★,"두마리 순살/1(두마리 치킨1 선택 택 1(후라이드),두마리 치킨2 선택 택 1(양념))","
맛
★
5
양
★
5
배달
★
5
",4.8
877,짱래오래 갓래오래,★★★★★,"치킨＋바삭한근위튀김/1(치킨 선택 택 1(후라이드),세트 부위선택 택 1(한마리)),생맥주 1000cc/1","
맛
★
5
양
★
5
배달
★
5
",4.21
878,배달도 빠르고 맛있습니다핫양념 중간맛 맛있게 맵네요,★★★★★,오곡 후라이드 치킨/1(부위선택 택 1(한마리)),"
맛
★
5
양
★
5
배달
★
5
",4.8
879,최고치고채고채고채고,★★★★★,"치킨＋로제떡볶이 매운맛/1(치킨 선택 택 1(콘듀치킨),세트 부위선택 택 1(순살（다리살）))","
맛
★
5
양
★
5
배달
★
5
",5.0
880,갈반 핫반 정말 맛있어요,★★★★★,"치킨＋치즈볼/1(치킨 선택 택 1(갈반핫반),세트 부위선택 택 1(스틱（다리）))","
맛
★
4
양
★
5
배달
★
5
",4.6
881,오늘은 양념으로 주문 언제나 믿고 주문 맛있습니다,★★★★★,"치킨＋바삭한근위튀김/1(치킨 선택 택 1(후반양반),세트 부위선택 택 1(한마리))","
맛
★
5
양
★
5
배달
★
5
",4.79
882,굳굳 진짜 맛있음ㅋㅋㅋ,★★★★★,"치킨＋바삭한근위튀김/1(치킨 선택 택 1(후반양반),세트 부위선택 택 1(한마리))","
맛
★
5
양
★
5
배달
★
5
",5.0
883,껍질 싫어하는데바삭하게 거부감없이 맛있네요치즈볼과 김말이 더없이 잘 먹었습니다아들램이 엄지 척,★★★★★,"치킨＋포테이토치즈볼/1(치킨 선택 택 1(고추단짠치킨),세트 부위선택 택 1(스틱（다리）))","
맛
★
5
양
★
5
배달
★
5
",4.8
884,맛있게 잘 먹었습니다 항상 맛있네요,★★★★★,"치킨＋바삭한근위튀김/1(치킨 선택 택 1(후라이드),세트 부위선택 택 1(한마리))","
맛
★
5
양
★
5
배달
★
5
",4.8
885,항상 맛있어요 ㅎㅎ,★★★★★,"치킨＋안심스틱/1(치킨 선택 택 1(갈릭플러스),세트 부위선택 택 1(한마리))","
맛
★
5
양
★
5
배달
★
5
",4.81
886,양도 많고 맛있게 잘먹었습니다먹다가 찍은거라ㅠㅠ 맛있게 잘먹었습니다,★★★★★,"치킨＋치즈볼/1(치킨 선택 택 1(갈반핫반),세트 부위선택 택 1(한마리))","
맛
★
5
양
★
5
배달
★
5
",4.6
887,근위튀김 튀김옷이 핫도그맛도 나고 맛있어욤ㅎㅎ행사중인데 배달도 빠르고 치킨도 따뜻하고저녁 맛있게 먹었어요ㅎㅎ 또 시킬게요ㅎㅎㅎ,★★★★★,오곡 후라이드 치킨/1(부위선택 택 1(한마리)),"
맛
★
5
양
★
5
배달
★
5
",4.81
888,잘먹었습니다분 대기시간에 놀랐지만 여기는식지않고 따듯하게 항상 잘 오고핫양념 중간맛 이 있어서 좋아요기다림이 길어 허겁지겁 먹느라 사진을못찍어 죄송합니다,★★★★★,"치킨＋로제떡볶이 보통맛/1(치킨 선택 택 1(단짠치킨),세트 부위선택 택 1(한마리))","
맛
★
5
양
★
5
배달
★
5
",4.21
889,바삭하고 넘 맛있어요 타 치킨집 대비 후라이드 젤 맛있어요,★★★★★,양념반＋갈릭반/1(옵션변경(순살（다리살）)),"
맛
★
5
양
★
5
배달
★
5
",3.61
890,우선 빠른배달과 배달 메세지 감사드립니당  치킨이 나오자 마자 바로 보내주신 것인지 먹다가 입 데일뻔 ㅎ적당히 간이된 아주 뜨끈하고 아삭하고 맛있는 치킨이였습니당 근위튀김도 짭쪼롬 오독오독 바삭바삭해서 술안주로 일품이였어요 즐토 맛점하고 갑니당 ,★★★★★,"치킨＋치즈볼/1(치킨 선택 택 1(갈릭플러스),세트 부위선택 택 1(한마리))","
맛
★
5
양
★
5
배달
★
5
",5.0
891,잘받았습니다 감사합니다,★★★★★,오곡 갈릭플러스 치킨/1(부위선택 택 1(한마리)),"
맛
★
5
양
★
5
배달
★
5
",4.8
892,후라이드가 맛나네요양념은 약간 케찹맛이 강하네요 대체로 잘 먹었습니다 가격도 저렴하고 배달도 빠르고 좋아요,★★★★★,"치킨＋로제떡볶이 매운맛/1(치킨 선택 택 1(고추단짠치킨),세트 부위선택 택 1(한마리))","
맛
★
5
양
★
5
배달
★
5
",4.6
893,여기 또래오래 참 맛있어요  닭똥집은 처음 주문해봤는데 술안주로 맛있네요 맛있게 잘 먹었습니다,★★★★★,"치킨＋포테이토치즈볼/1(치킨 선택 택 1(후반양반),세트 부위선택 택 1(순살（다리살）))","
맛
★
5
양
★
5
배달
★
5
",4.6
894,양 많구 맛나게 먹었습니다 김사합니다,★★★★★,갈릭반＋핫양념반/1(옵션변경(한마리)),"
맛
★
5
양
★
5
배달
★
5
",4.6
895,또래오래너무간만이네요맛있게 잘 먹었습니다,★★★★★,"치킨＋로제떡볶이 매운맛/1(치킨 선택 택 1(단짠치킨),세트 부위선택 택 1(한마리))","
맛
★
5
양
★
5
배달
★
5
",4.4
896,먹고 기절해서 이제쓰네욬ㅋㅋㅋ넘 맛있게 잘 먹었습니당,★★★★★,"치킨＋치즈볼/1(치킨 선택 택 1(갈반핫반),세트 부위선택 택 1(한마리))","
맛
★
5
양
★
5
배달
★
5
",4.8
897,배달빠르고 맛있어요,★★★★★,"치킨＋로제떡볶이 매운맛/1(치킨 선택 택 1(후반양반),세트 부위선택 택 1(한마리))","
맛
★
5
양
★
5
배달
★
5
",4.8
898,맛있어요,★★★★★,"치킨＋치즈볼/1(치킨 선택 택 1(후라이드),세트 부위선택 택 1(한마리))","
맛
★
5
양
★
5
배달
★
5
",5.0
899,진짜 최고네요 역시 전국 등 또레오레 입니다 앞으로도 최고입니다 ,★★★★★,"치킨＋바삭한근위튀김/1(치킨 선택 택 1(갈반핫반),세트 부위선택 택 1(한마리))","
맛
★
5
양
★
5
배달
★
5
",5.0
900,맛있게 잘 먹었어요,★★★★★,"치킨＋안심스틱/1(치킨 선택 택 1(고추단짠치킨),세트 부위선택 택 1(한마리))","
맛
★
5
양
★
5
배달
★
5
",4.8
901,ㅅㅅㅅㅅㅅㅅㅅㅅㅅㅅㅅㅅㅅ,★★★★★,오곡 파닭 치킨/1(부위선택 택 1(한마리)),"
맛
★
5
양
★
5
배달
★
5
",3.82
902,역시 치킨은 또래오래네여ㅎㅎ,★★★★★,"치킨＋바삭한근위튀김/1(치킨 선택 택 1(갈반핫반),세트 부위선택 택 1(한마리))","
맛
★
5
양
★
5
배달
★
5
",5.0
903,맛있게 잘먹었습니다,★★★★★,"치킨＋미니핫도그/1(치킨 선택 택 1(고추단짠치킨),세트 부위선택 택 1(윙봉（날개）))","
맛
★
5
양
★
5
배달
★
5
",5.0
904,맛있게 잘 먹었습니다,★★★★★,"치킨＋미니핫도그/1(치킨 선택 택 1(갈반핫반),세트 부위선택 택 1(한마리))","
맛
★
5
양
★
5
배달
★
5
",4.8
905,잘 먹었습니다,★★★★★,"치킨＋포테이토치즈볼/1(치킨 선택 택 1(후라이드),세트 부위선택 택 1(한마리))","
맛
★
5
양
★
5
배달
★
5
",5.0
906,잘 먹었습니다 감사합니다 ㅎㅎ,★★★★★,"치킨＋바삭한근위튀김/1(치킨 선택 택 1(후라이드),세트 부위선택 택 1(한마리))","
맛
★
5
양
★
5
배달
★
5
",5.0
907,바삭하니 맛있어요,★★★★★,"치킨＋미니핫도그/1(치킨 선택 택 1(콘듀치킨),세트 부위선택 택 1(콤보（날개＋다리）))","
맛
★
5
양
★
5
배달
★
5
",4.8
908,약간 짜서 아쉬웠지만 맛잇게 먹었어요,★★★★★,오곡 파닭 치킨/1(부위선택 택 1(순살（다리살）)),"
맛
★
5
양
★
5
배달
★
5
",4.39
909,배달비가 오른건 아쉽지만맛과서비스가 검증된곳,★★★★★,"치킨＋바삭한근위튀김/1(치킨 선택 택 1(단짠치킨),세트 부위선택 택 1(한마리))","
맛
★
5
양
★
5
배달
★
5
",1.6
910,배달도 빨리오고 너무 맛있어영 이벤트로주신 해쉬브라운도 너무맛있네영,★★★★★,"치킨＋치즈볼/1(치킨 선택 택 1(후라이드),세트 부위선택 택 1(한마리))","
맛
★
5
양
★
5
배달
★
5
",4.8
911,맛있어요,★★★★★,"치킨＋미니핫도그/1(치킨 선택 택 1(후반양반),세트 부위선택 택 1(순살（다리살）))","
맛
★
5
양
★
5
배달
★
5
",5.0
912,잘먹었습니당 든든하네요,★★★★★,"치킨＋치즈볼/1(치킨 선택 택 1(후라이드),세트 부위선택 택 1(한마리)),양념소스/1","
맛
★
5
양
★
5
배달
★
5
",5.0
913,후라이드 치킨이 먹고 싶어져서 할인하고 있는 가게를 찾아봤는데 마침 또래오래가 있어서 시켜먹어봤어요 ㅎㅎ그런데 치킨도 엄청 바삭바삭하고 양도 엄청 많아서 맛있게 먹었습니다 두번째 사진은 리뷰이벤트로 받은 해시브라운입니다 ㅎㅎ 엄청 맛있게 먹었어요,★★★★★,"치킨＋치즈볼/1(치킨 선택 택 1(고추단짠치킨),세트 부위선택 택 1(순살（다리살）))","
맛
★
5
양
★
5
배달
★
5
",5.0
914,숯불향에 진한 양념 맛이 좋았어요,★★★★★,"치킨＋안심스틱/1(치킨 선택 택 1(후반양반),세트 부위선택 택 1(한마리))","
맛
★
5
양
★
5
배달
★
5
",4.81
915,맛있습니다,★★★★★,"치킨＋안심스틱/1(치킨 선택 택 1(후반양반),세트 부위선택 택 1(한마리))","
맛
★
5
양
★
5
배달
★
5
",4.8
916,단짠은 처음먹어보는데 맛이 중독성이 있네여 잘먹었습니다,★★★★★,갈릭반＋핫양념반/1(옵션변경(한마리)),"
맛
★
5
양
★
5
배달
★
5
",4.79
917,맛있게 잘 먹었습니다,★★★★★,오곡 후라이드 치킨/1(부위선택 택 1(한마리)),"
맛
★
5
양
★
5
배달
★
5
",4.8
918,매콤하네요소스찍어먹으면 확실히 매움하지만 맛있어요,★★★★★,"치킨＋미니핫도그/1(치킨 선택 택 1(단짠치킨),세트 부위선택 택 1(한마리))","
맛
★
5
양
★
5
배달
★
5
",4.8
919,감사하 잘 먹었습니다,★★★★★,오곡 후라이드 치킨/1(부위선택 택 1(콤보（날개＋다리）)),"
맛
★
5
양
★
5
배달
★
5
",5.0
920,맛있게 잘먹었습니다,★★★★★,"치킨＋포테이토치즈볼/1(치킨 선택 택 1(단짠치킨),세트 부위선택 택 1(스틱（다리）))","
맛
★
5
양
★
5
배달
★
5
",5.0
921,할인해서 시켜봤는데 생각보다 너무 맛나게 먹었습니다,★★★★★,"치킨＋로제떡볶이 매운맛/1(치킨 선택 택 1(후라이드),세트 부위선택 택 1(한마리))","
맛
★
5
양
★
5
배달
★
5
",4.81
922,너무 맛있어서 몇점 주워먹고 찍었네요,★★★★★,스모키양념 한마리/1(소스추가(맵부심만렙소스)),"
맛
★
5
양
★
5
배달
★
5
",5.0
923,배달와도 따뜻하고 바삭하고 맛있지만 양념치킨 산도가 좀 높아서 아쉽네요,★★★★★,오곡 후라이드 치킨/1(부위선택 택 1(콤보（날개＋다리）)),"
맛
★
4
양
★
5
배달
★
5
",2.44
924,오랜만에 생각나서 주문했습니다행사 기간인데도 여전히 부족함없이 맛있고 요청사항과 리뷰 서비스도 잘 챙겨주셔서 맛있게 잘 먹었습니다,★★★★★,"치킨＋치즈볼/1(치킨 선택 택 1(후반양반),세트 부위선택 택 1(한마리))","
맛
★
5
양
★
5
배달
★
5
",4.8
925,맛있음 맵찔이가먹기도 좋음,★★★★★,"치킨＋안심스틱/1(치킨 선택 택 1(갈릭플러스),세트 부위선택 택 1(한마리))","
맛
★
5
양
★
5
배달
★
5
",4.6
926,오늘도 최고의 치킨 맛나게 먹었습니다 술한잔과 함께,★★★★★,"치킨＋바삭한근위튀김/1(치킨 선택 택 1(후반양반),세트 부위선택 택 1(한마리))","
맛
★
5
양
★
5
배달
★
5
",4.6
927,맛있게 잘 먹었어요,★★★★★,"치킨＋치즈볼/1(치킨 선택 택 1(후라이드),세트 부위선택 택 1(스틱（다리）))","
맛
★
5
양
★
5
배달
★
5
",4.8
929,맛잇게 잘 먹엇습니다,★★★★★,"치킨＋치즈볼/1(치킨 선택 택 1(콘듀치킨),세트 부위선택 택 1(한마리))","
맛
★
5
양
★
5
배달
★
5
",5.0
930,바삭해서 좋아요 맛있고 배달도 빨라서 좋아요,★★★★★,"치킨＋바삭한근위튀김/1(치킨 선택 택 1(후라이드),세트 부위선택 택 1(한마리))","
맛
★
5
양
★
5
배달
★
5
",4.8
931,치킨 잘 먹었습니다,★★★★★,"치킨＋바삭한근위튀김/1(치킨 선택 택 1(후라이드),세트 부위선택 택 1(한마리))","
맛
★
5
양
★
5
배달
★
5
",5.0
932,서비스로 주시는 해쉬브라운 넘넘 맛나요 ㅎㅎ갈반핫반 질리때 한번씩 시켜먹으면 좋을거 같습니다,★★★★★,"치킨＋로제떡볶이 보통맛/1(치킨 선택 택 1(단짠치킨),세트 부위선택 택 1(순살（다리살）))","
맛
★
5
양
★
5
배달
★
5
",4.8
933,맛있게 잘 먹었습니다,★★★★★,"치킨＋로제떡볶이 매운맛/1(치킨 선택 택 1(후라이드),세트 부위선택 택 1(한마리))","
맛
★
5
양
★
5
배달
★
5
",4.8
934,맛있어요,★★★★★,맵부심 후라이드 한마리/1,"
맛
★
5
양
★
5
배달
★
5
",5.0
935,요새 단짠에 빠져서 이것만 먹네요ㅋㅋㅋ 맛있어요,★★★★★,"치킨＋바삭한근위튀김/1(치킨 선택 택 1(갈반핫반),세트 부위선택 택 1(한마리))","
맛
★
5
양
★
5
배달
★
5
",4.18
936,배달시간도 잘 지켜졌고 맛도 좋았습니다또 시켜먹을 것 같아요,★★★★★,"치킨＋치즈볼/1(치킨 선택 택 1(갈반핫반),세트 부위선택 택 1(한마리))","
맛
★
5
양
★
5
배달
★
5
",4.8
937,굿굿 ㅎㅎ 최고에요 잘먹었습니다,★★★★★,"갈릭반＋핫양념반/1(옵션변경(한마리)),생맥주 1000cc/1","
맛
★
5
양
★
5
배달
★
5
",5.0
938,맛있어요 가깝고 할인자주해서 좋아요,★★★★★,갈릭반＋핫양념반/1(옵션변경(한마리)),"
맛
★
5
양
★
5
배달
★
5
",4.59
939,너무 맛있게 먹었어요,★★★★★,"두마리 치킨/1(두마리 치킨1 선택 택 1(후라이드),두마리 치킨2 선택 택 1(양념))","
맛
★
5
양
★
5
배달
★
5
",5.0
940,역시 또래오래는 갈반핫반이 최고네요리뷰이벤트로 받은해쉬브라운도 너무 맛있습니다잘먹었어요재구매의향있습니다,★★★★★,"치킨＋치즈볼/1(치킨 선택 택 1(후라이드),세트 부위선택 택 1(한마리))","
맛
★
5
양
★
5
배달
★
5
",5.0
941,배달 빠르고 맛있습니다,★★★★★,"치킨＋치즈볼/1(치킨 선택 택 1(갈릭플러스),세트 부위선택 택 1(한마리))","
맛
★
5
양
★
5
배달
★
5
",4.4
942,잘먹었어요 제 인생 치킨집은 역시 또래오래네요,★★★★★,"두마리 순살/1(두마리 치킨1 선택 택 1(후라이드),두마리 치킨2 선택 택 1(양념))","
맛
★
5
양
★
5
배달
★
5
",4.81
943,맛있게 잘 먹었습니다,★★★★★,갈릭반＋핫양념반/1(옵션변경(한마리)),"
맛
★
5
양
★
5
배달
★
5
",4.8
944,오늘도 맛있게 잘 먹었습니다 사장님 서비스로 주신 김말이도 정말 맛있게 먹었어요 항상 누락없이 잘 챙겨주셔서 감사합니다,★★★★★,"치킨＋포테이토치즈볼/1(치킨 선택 택 1(후반양반),세트 부위선택 택 1(한마리))","
맛
★
5
양
★
5
배달
★
5
",5.0
945,언제먹어도 맛있는 또래오래,★★★★★,단짠 한마리/1,"
맛
★
5
양
★
5
배달
★
5
",4.6
946,닭도 크고 맛있었어요,★★★★★,"치킨＋치즈볼/1(치킨 선택 택 1(갈반핫반),세트 부위선택 택 1(한마리))","
맛
★
5
양
★
5
배달
★
5
",4.79
947,부드럽고 맛있어요 ,★★★★★,갈릭반＋핫양념반/1(옵션변경(한마리)),"
맛
★
5
양
★
5
배달
★
5
",4.8
948,깜빡잊고사진을 못찍었네요ㅠ맛있게 잘먹었습니다,★★★★★,오곡 갈릭플러스 치킨/1(부위선택 택 1(한마리)),"
맛
★
5
양
★
5
배달
★
5
",4.6
949,뜨끈하게 잘 먹었습니다 일반치킨도 맛있지만 단짠치킨이 유난히 부드러워요,★★★★★,양념반＋갈릭반/1(옵션변경(한마리)),"
맛
★
5
양
★
5
배달
★
5
",4.61
950,양념이 좀 덜 입혀진 느낌이었찌만 매콤 단짠단짠 맛있게 잘 먹었어요리뷰이벤뜨로 주신 김말이도 바삭통통 맛있었어요,★★★★★,단짠 한마리/1,"
맛
★
5
양
★
5
배달
★
5
",4.4
951,치킨을 엄청 오랜만에 먹는데 너무 만족스러웠습니다요즘엔 이것저것 들어간 신제품이 많은데 근본의 반반치킨이 여태먹었던 치킨들보다 더 좋은것 같네요잘먹었습니다,★★★★★,양념반＋갈릭반/1(옵션변경(한마리)),"
맛
★
5
양
★
5
배달
★
5
",4.2
952,맛있어요 허겁지겁 먹는 중,★★★★★,"치킨＋치즈볼/1(치킨 선택 택 1(후반양반),세트 부위선택 택 1(한마리))","
맛
★
5
양
★
5
배달
★
4
",5.0
953,바삭하고 맛있습니다,★★★★★,"치킨＋치즈볼/1(치킨 선택 택 1(후반양반),세트 부위선택 택 1(한마리))","
맛
★
5
양
★
5
배달
★
5
",4.6
954,항상 맛있습니다,★★★★★,갈릭반＋핫양념반/1(옵션변경(콤보（날개＋다리）)),"
맛
★
5
양
★
5
배달
★
5
",4.81
955,베스트메뉴길래 오리지널만 먹다 새로운 맛 도전했는데 ㅎㅎ 정말 맛있는데 매운 거 잘 못 먹어서 쉬며 먹었어요 튀김옷이 바삭거리고 타브랜드 대비 양도 많은 거 같아요 역시 또래오래오리지널 양념도 맛있으니 매운 거 못 먹는 저흰 오리지널만 먹어야겠어요 매콤한 거 잘 드시는 분은 요고 추천드려요,★★★★★,"치킨＋바삭한근위튀김/1(치킨 선택 택 1(후라이드),세트 부위선택 택 1(한마리),소스추가(핫양념소스))","
맛
★
5
양
★
5
배달
★
5
",2.79
956,맛있게 잘먹었습니다,★★★★★,"오곡 양념 치킨/1(부위선택 택 1(순살（다리살）)),치킨무 추가/1","
맛
★
5
양
★
5
배달
★
5
",5.0
957,맛있게 잘 먹었습니다,★★★★★,"치킨＋바삭한근위튀김/1(치킨 선택 택 1(갈반핫반),세트 부위선택 택 1(한마리))","
맛
★
5
양
★
5
배달
★
5
",4.8
958,닭냄새도 안나고 항상 맛있습니다핫양념 중간맛으로 하니 넘 맛있게 맵네요,★★★★★,,"
맛
★
5
양
★
5
배달
★
5
",4.6
959,일반 핫후라이드보다 좀더 맵지만 맛있게 먹었습니다 ㅎㅎ,★★★★★,,"
맛
★
5
양
★
5
배달
★
5
",3.4
960,맛있어요  잘먹었습니다아,★★★★★,,"
맛
★
5
양
★
5
배달
★
5
",5.0
961,맛있게 먹었습니다 추천합니다,★★★★★,,"
맛
★
5
양
★
5
배달
★
5
",4.6
962,자주 시켜먹는데 너무 맛있어요,★★★★★,,"
맛
★
5
양
★
5
배달
★
5
",4.6
963,떡볶이도 맛있네요,★★★★★,,"
맛
★
5
양
★
5
배달
★
5
",4.8
964,맛있게 잘 먹었습니다,★★★★★,,"
맛
★
5
양
★
5
배달
★
5
",4.8
965,양도 너무 많고 양념도 잘 묻혀져 있어서 맛있게 먹었어요,★★★★★,,"
맛
★
5
양
★
5
배달
★
5
",5.0
966,너무 맛있잖아요 식후감,★★★★★,,"
맛
★
5
양
★
5
배달
★
5
",4.8
967,맛있게 잘먹었습니다,★★★★★,,"
맛
★
5
양
★
5
배달
★
5
",5.0
968,오랜만 파닭 맛있고즇아요,★★★★★,,"
맛
★
5
양
★
5
배달
★
5
",3.78
969,조금 많이 튀겨지긴 했지만 맛있었어요또래오래 단짠 진짜 추천이요ㅋㅋㅋ,★★★★★,,"
맛
★
5
양
★
5
배달
★
5
",4.6
970,양도많고 맛있어요,★★★★★,,"
맛
★
5
양
★
5
배달
★
5
",4.8
971,맵고 맛있어요 해쉬브라운도 감사합니다,★★★★★,,"
맛
★
5
양
★
5
배달
★
5
",4.6
972,오늘도 맛있게 잘먹었습니다,★★★★★,,"
맛
★
5
양
★
5
배달
★
5
",5.0
973,양도 많고 맛도좋아요,★★★★★,,"
맛
★
5
양
★
5
배달
★
5
",4.6
974,ㄱㄱㄱㄱㄱㄱㄱㄱㄱㄱ,★★★★★,,"
맛
★
5
양
★
5
배달
★
5
",3.61
975,치킨의 정석 후라이드 양념 너무너무 맛나요,★★★★★,,"
맛
★
5
양
★
5
배달
★
5
",3.39
976,고추단짠 시킨다는 게 단짠으로 주문해버렸지만 이것도 맛있쥬맛있쥬 감사합니다 번창하십시옹,★★★★★,,"
맛
★
5
양
★
5
배달
★
5
",4.8
977,양 많고 맛있어요,★★★★★,,"
맛
★
5
양
★
5
배달
★
5
",4.8
978,또래오래는 독산가산점이진리입니다,★★★★★,,"
맛
★
5
양
★
5
배달
★
5
",3.61
979,역시 ㅊ디고 또래오래,★★★★★,,"
맛
★
5
양
★
5
배달
★
5
",4.4
980,고추단짠 치킨도 정말 맛있네요 모든 메뉴가 정말 최고의 맛입니다 항상 요청사항 빠지지 않고 잘 챙겨주셔서 감사해요오늘도 정말 맛있게 잘 먹었습니다 사장님,★★★★★,,"
맛
★
5
양
★
5
배달
★
5
",5.0
981,배달은 예상시간 쪼금 지나서 왔는데 괜찮았구요 로제떡볶이는 예상하는 맛인데 맛있어요 국물도 넉넉하고 김말이도 바삭하구요치킨도 그럭저럭 괜찮습니다맛있게 잘먹었습니다,★★★★,,"
맛
★
4
양
★
4
배달
★
4
",4.6
982,맛있게 잘먹었습니다,★★★★★,,"
맛
★
5
양
★
5
배달
★
5
",5.0
983,잘먹었습니다 맛있어요,★★★★★,,"
맛
★
5
양
★
5
배달
★
5
",5.0
984,늘 맛있게 먹고 있습니다,★★★★★,,"
맛
★
5
양
★
5
배달
★
5
",4.79
985,맛잇네요 또래오래,★★★★★,,"
맛
★
5
양
★
5
배달
★
5
",4.6
986,오늘도 맛있게 잘먹었습니다,★★★★★,,"
맛
★
5
양
★
5
배달
★
5
",5.0
987,맛있게 잘 먹을께요,★★★★★,,"
맛
★
5
양
★
5
배달
★
5
",4.8
988,맛있게 잘먹었습니다,★★★★★,,"
맛
★
5
양
★
5
배달
★
5
",5.0
989,배달도 빠르고 맛있게 잘 먹었습니다,★★★★★,,"
맛
★
5
양
★
5
배달
★
5
",4.6
990,오늘도 정말 맛있게 잘 먹었습니다또래오래를 알게 된 이후에 야식은 여기서만 시키게 되는것 같네요 조만간 또 주문할게요 사장님,★★★★★,,"
맛
★
5
양
★
5
배달
★
5
",5.0
991,반반치킨 맛있습니다,★★★★★,,"
맛
★
5
양
★
5
배달
★
5
",4.59
992,마싯게 잘넉엇습미다아,★★★★★,,"
맛
★
5
양
★
5
배달
★
5
",4.4
993,먹을때마다 실망시키지 않는 치킨,★★★★★,,"
맛
★
5
양
★
5
배달
★
5
",3.84
994,후라이드 치킨 치즈볼 너무맛있어요,★★★★★,,"
맛
★
5
양
★
5
배달
★
5
",5.0
995,맛있어요,★★★★★,,"
맛
★
5
양
★
5
배달
★
5
",5.0
996,배달빠르고 너무 맛있습니다,★★★★★,,"
맛
★
5
양
★
5
배달
★
5
",5.0
997,맛있게 잘 먹었습니다,★★★★★,,"
맛
★
5
양
★
5
배달
★
5
",4.8
998,뒤늦게 리뷰 남깁니다 잘먹었어요,★★★★★,,"
맛
★
5
양
★
5
배달
★
5
",5.0
999,맛있어요 잘 받았습니다,★★★★★,,"
맛
★
5
양
★
5
배달
★
5
",5.0
1000,후라이드 먹고싶을때 항상 시켜 먹어요 반반은 첨인데 양념도 맛있고 양도 푸짐해요 리뷰 서비스도 항상 서비스 같지 않게 주셔서 좋아요,★★★★★,,"
맛
★
5
양
★
5
배달
★
5
",4.81
1001,잘 먹었습니다 감사합니다,★★★★★,,"
맛
★
5
양
★
5
배달
★
5
",5.0
1002,맛있어요  떡볶이에오뎅이없는게살짝아쉬었어요,★★★★★,,"
맛
★
5
양
★
5
배달
★
5
",1.78
1003,양념치킨 생각나서 또 시켰어요핫양념은 처음인데 진짜 너무너무머누머눔 맛잇었어뇨양념은 사실 말해 뭐하는 맛입니다 걍 시켜드세요글구 일반 후라이드보다 갈릭후라이드가 제 입맛에는 맞네요단짠고소가 한 입에 들어오는 맛포테이토 치즈볼도 최고였습니다,★★★★★,,"
맛
★
5
양
★
5
배달
★
5
",5.0
1004,맛있게잘먹었습니다ㅎ,★★★★★,,"
맛
★
5
양
★
5
배달
★
5
",5.0
1005,배달도 빠르고 배달비도 저렴하고 무엇보다 치킨이 진짜 맛있어요 진짜 여기 치킨이 다른 지점보다 훨씬 맛있어요 겉바속촉,★★★★★,,"
맛
★
5
양
★
5
배달
★
5
",4.01
1006,배달 빠르고 양 많고 맛 있고,★★★★★,,"
맛
★
5
양
★
5
배달
★
5
",4.22
